-0.5, -0.25, -0.1, i, 0.1, 0.25, 0.5, 0.75, 1.0, 1.25, 1.5
133.76, 66.88, 26.75, 0, 0.00, 0.00, 0.00, 0.00, 0.00, 0.00, 0.00
39.28, 20.14, 8.66, 1, 0.00, 0.00, 0.00, 0.00, 0.00, 0.00, 0.00
11.86, 6.93, 3.97, 2, 0.03, 0.00, 0.00, 0.00, 0.00, 0.00, 0.00
0.00, 0.00, 1.68, 3, 4.32, 6.29, 9.58, 12.87, 16.16, 19.44, 22.73
0.00, 0.00, 0.38, 4, 7.62, 13.05, 22.11, 31.16, 40.21, 49.27, 58.32
0.00, 0.00, 0.00, 5, 10.39, 18.47, 31.95, 45.42, 58.89, 72.36, 85.84
0.00, 0.00, 0.00, 6, 12.82, 23.04, 40.08, 57.13, 74.17, 91.21, 108.25
0.00, 0.00, 0.00, 7, 15.01, 27.02, 47.05, 67.07, 87.10, 107.12, 127.15
0.00, 0.00, 0.00, 8, 17.03, 30.58, 53.15, 75.73, 98.31, 120.89, 143.46
0.00, 0.00, 0.00, 9, 18.92, 33.80, 58.60, 83.41, 108.21, 133.01, 157.81
0.00, 0.00, 0.00, 10, 20.71, 36.77, 63.54, 90.30, 117.07, 143.84, 170.61
0.00, 0.00, 0.00, 11, 22.41, 39.53, 68.05, 96.58, 125.10, 153.63, 182.15
0.00, 0.00, 0.00, 12, 24.04, 42.11, 72.22, 102.33, 132.44, 162.54, 192.65
0.00, 0.00, 0.38, 13, 25.62, 44.55, 76.09, 107.64, 139.19, 170.74, 202.28
0.00, 0.00, 0.85, 14, 27.15, 46.86, 79.73, 112.59, 145.45, 178.31, 211.18
0.00, 0.00, 1.37, 15, 28.63, 49.07, 83.14, 117.21, 151.28, 185.36, 219.43
0.00, 0.00, 1.93, 16, 30.07, 51.19, 86.37, 121.56, 156.75, 191.93, 227.12
0.00, 0.00, 2.51, 17, 31.49, 53.22, 89.44, 125.66, 161.88, 198.10, 234.33
0.00, 0.00, 3.13, 18, 32.87, 55.18, 92.37, 129.55, 166.73, 203.91, 241.10
0.00, 0.00, 3.77, 19, 34.23, 57.08, 95.16, 133.24, 171.32, 209.40, 247.48
0.00, 0.00, 4.43, 20, 35.57, 58.92, 97.84, 136.76, 175.68, 214.60, 253.52
0.00, 0.00, 5.12, 21, 36.88, 60.71, 100.42, 140.12, 179.83, 219.54, 259.25
0.00, 0.00, 5.82, 22, 38.18, 62.45, 102.90, 143.35, 183.79, 224.24, 264.69
0.00, 0.00, 6.54, 23, 39.46, 64.15, 105.29, 146.44, 187.58, 228.73, 269.88
0.00, 0.00, 7.28, 24, 40.72, 65.80, 107.61, 149.41, 191.22, 233.02, 274.82
0.00, 0.00, 8.03, 25, 41.97, 67.43, 109.85, 152.28, 194.70, 237.13, 279.55
0.00, 0.00, 8.79, 26, 43.21, 69.01, 112.03, 155.04, 198.06, 241.07, 284.09
0.00, 0.00, 9.57, 27, 44.43, 70.57, 114.14, 157.72, 201.29, 244.86, 288.43
0.00, 0.00, 10.36, 28, 45.64, 72.10, 116.20, 160.30, 204.40, 248.51, 292.61
0.00, 0.00, 11.16, 29, 46.84, 73.60, 118.21, 162.81, 207.41, 252.02, 296.62
0.00, 0.00, 11.97, 30, 48.03, 75.08, 120.16, 165.24, 210.33, 255.41, 300.49
0.00, 0.00, 12.79, 31, 49.21, 76.54, 122.07, 167.61, 213.14, 258.68, 304.22
0.00, 0.00, 13.61, 32, 50.39, 77.97, 123.94, 169.91, 215.88, 261.84, 307.81
0.00, 0.00, 14.45, 33, 51.55, 79.38, 125.76, 172.14, 218.53, 264.91, 311.29
0.00, 0.00, 15.29, 34, 52.71, 80.77, 127.55, 174.32, 221.10, 267.87, 314.65
0.00, 0.00, 16.14, 35, 53.86, 82.15, 129.30, 176.45, 223.60, 270.75, 317.90
0.00, 0.00, 17.00, 36, 55.00, 83.51, 131.02, 178.53, 226.04, 273.54, 321.05
0.00, 0.00, 17.86, 37, 56.14, 84.85, 132.70, 180.55, 228.41, 276.26, 324.11
0.00, 0.00, 18.73, 38, 57.27, 86.18, 134.36, 182.54, 230.71, 278.89, 327.07
0.00, 0.00, 19.60, 39, 58.40, 87.49, 135.98, 184.47, 232.97, 281.46, 329.95
0.00, 0.00, 20.48, 40, 59.52, 88.79, 137.58, 186.37, 235.16, 283.95, 332.74
0.00, 0.00, 21.37, 41, 60.63, 90.08, 139.15, 188.23, 237.31, 286.38, 335.46
0.00, 0.00, 22.26, 42, 61.74, 91.35, 140.70, 190.05, 239.40, 288.75, 338.10
0.00, 0.00, 23.16, 43, 62.84, 92.61, 142.22, 191.84, 241.45, 291.06, 340.67
0.00, 0.00, 24.05, 44, 63.95, 93.86, 143.73, 193.59, 243.45, 293.32, 343.18
0.00, 0.00, 24.96, 45, 65.04, 95.10, 145.21, 195.31, 245.41, 295.52, 345.62
0.00, 0.00, 25.87, 46, 66.13, 96.33, 146.67, 197.00, 247.33, 297.66, 348.00
0.00, 0.00, 26.78, 47, 67.22, 97.55, 148.11, 198.66, 249.21, 299.76, 350.32
0.00, 0.00, 27.69, 48, 68.31, 98.76, 149.53, 200.29, 251.05, 301.82, 352.58
0.00, 0.00, 28.61, 49, 69.39, 99.96, 150.93, 201.89, 252.86, 303.82, 354.79
0.00, 0.00, 29.54, 50, 70.46, 101.16, 152.32, 203.47, 254.63, 305.79, 356.95
0.00, 0.00, 30.46, 51, 71.54, 102.34, 153.68, 205.03, 256.37, 307.71, 359.05
0.00, 0.48, 31.39, 52, 72.61, 103.52, 155.04, 206.56, 258.07, 309.59, 361.11
0.00, 1.31, 32.33, 53, 73.67, 104.69, 156.37, 208.06, 259.75, 311.44, 363.12
0.00, 2.15, 33.26, 54, 74.74, 105.85, 157.70, 209.55, 261.40, 313.24, 365.09
0.00, 3.00, 34.20, 55, 75.80, 107.00, 159.01, 211.01, 263.01, 315.02, 367.02
0.00, 3.85, 35.14, 56, 76.86, 108.15, 160.30, 212.45, 264.60, 316.75, 368.90
0.00, 4.71, 36.08, 57, 77.92, 109.29, 161.58, 213.87, 266.17, 318.46, 370.75
0.00, 5.57, 37.03, 58, 78.97, 110.43, 162.85, 215.28, 267.70, 320.13, 372.55
0.00, 6.45, 37.98, 59, 80.02, 111.55, 164.11, 216.66, 269.22, 321.77, 374.32
0.00, 7.32, 38.93, 60, 81.07, 112.68, 165.35, 218.03, 270.71, 323.38, 376.06
0.00, 8.21, 39.88, 61, 82.12, 113.79, 166.59, 219.38, 272.17, 324.96, 377.76
0.00, 9.10, 40.84, 62, 83.16, 114.90, 167.81, 220.71, 273.62, 326.52, 379.42
0.00, 9.99, 41.80, 63, 84.20, 116.01, 169.02, 222.03, 275.04, 328.05, 381.06
0.00, 10.89, 42.76, 64, 85.24, 117.11, 170.22, 223.33, 276.44, 329.55, 382.66
0.00, 11.79, 43.72, 65, 86.28, 118.21, 171.41, 224.62, 277.82, 331.03, 384.23
0.00, 12.70, 44.68, 66, 87.32, 119.30, 172.59, 225.89, 279.18, 332.48, 385.77
0.00, 13.62, 45.65, 67, 88.35, 120.38, 173.76, 227.14, 280.52, 333.90, 387.29
0.00, 14.54, 46.62, 68, 89.38, 121.46, 174.92, 228.39, 281.85, 335.31, 388.77
0.00, 15.46, 47.58, 69, 90.42, 122.54, 176.08, 229.62, 283.15, 336.69, 390.23
0.00, 16.39, 48.56, 70, 91.44, 123.61, 177.22, 230.83, 284.44, 338.05, 391.66
0.00, 17.32, 49.53, 71, 92.47, 124.68, 178.36, 232.04, 285.71, 339.39, 393.07
0.00, 18.26, 50.50, 72, 93.50, 125.74, 179.48, 233.23, 286.97, 340.71, 394.45
0.00, 19.20, 51.48, 73, 94.52, 126.80, 180.60, 234.41, 288.21, 342.01, 395.81
0.00, 20.14, 52.46, 74, 95.54, 127.86, 181.72, 235.57, 289.43, 343.29, 397.15
0.00, 21.09, 53.44, 75, 96.56, 128.91, 182.82, 236.73, 290.64, 344.55, 398.46
0.00, 22.04, 54.42, 76, 97.58, 129.96, 183.92, 237.88, 291.84, 345.79, 399.75
0.00, 23.00, 55.40, 77, 98.60, 131.00, 185.01, 239.01, 293.01, 347.02, 401.02
0.00, 23.95, 56.38, 78, 99.62, 132.05, 186.09, 240.14, 294.18, 348.23, 402.27
0.00, 24.92, 57.37, 79, 100.63, 133.08, 187.17, 241.25, 295.33, 349.42, 403.50
0.00, 25.88, 58.35, 80, 101.65, 134.12, 188.24, 242.35, 296.47, 350.59, 404.71
0.00, 26.85, 59.34, 81, 102.66, 135.15, 189.30, 243.45, 297.60, 351.75, 405.90
0.00, 27.82, 60.33, 82, 103.67, 136.18, 190.36, 244.53, 298.71, 352.89, 407.07
0.00, 28.80, 61.32, 83, 104.68, 137.20, 191.41, 245.61, 299.81, 354.01, 408.22
0.00, 29.77, 62.31, 84, 105.69, 138.23, 192.45, 246.68, 300.90, 355.13, 409.35
0.00, 30.76, 63.30, 85, 106.70, 139.24, 193.49, 247.73, 301.98, 356.22, 410.47
0.00, 31.74, 64.30, 86, 107.70, 140.26, 194.52, 248.78, 303.04, 357.30, 411.56
0.00, 32.73, 65.29, 87, 108.71, 141.27, 195.55, 249.82, 304.10, 358.37, 412.65
0.00, 33.71, 66.29, 88, 109.71, 142.29, 196.57, 250.86, 305.14, 359.43, 413.71
0.00, 34.71, 67.28, 89, 110.72, 143.29, 197.59, 251.88, 306.17, 360.47, 414.76
0.00, 35.70, 68.28, 90, 111.72, 144.30, 198.60, 252.90, 307.20, 361.50, 415.80
0.00, 36.70, 69.28, 91, 112.72, 145.30, 199.60, 253.91, 308.21, 362.51, 416.81
0.00, 37.70, 70.28, 92, 113.72, 146.30, 200.61, 254.91, 309.21, 363.52, 417.82
0.00, 38.70, 71.28, 93, 114.72, 147.30, 201.60, 255.90, 310.20, 364.51, 418.81
0.00, 39.70, 72.28, 94, 115.72, 148.30, 202.59, 256.89, 311.19, 365.48, 419.78
0.00, 40.71, 73.28, 95, 116.72, 149.29, 203.58, 257.87, 312.16, 366.45, 420.74
0.00, 41.72, 74.29, 96, 117.71, 150.28, 204.56, 258.84, 313.13, 367.41, 421.69
0.00, 42.73, 75.29, 97, 118.71, 151.27, 205.54, 259.81, 314.08, 368.35, 422.62
0.00, 43.74, 76.30, 98, 119.70, 152.26, 206.51, 260.77, 315.03, 369.29, 423.54
0.00, 44.76, 77.30, 99, 120.70, 153.24, 207.48, 261.73, 315.97, 370.21, 424.45
0.00, 45.78, 78.31, 100, 121.69, 154.22, 208.45, 262.67, 316.90, 371.12, 425.35
0.00, 46.80, 79.32, 101, 122.68, 155.20, 209.41, 263.61, 317.82, 372.02, 426.23
0.00, 47.82, 80.33, 102, 123.67, 156.18, 210.37, 264.55, 318.73, 372.92, 427.10
0.00, 48.84, 81.34, 103, 124.66, 157.16, 211.32, 265.48, 319.64, 373.80, 427.96
0.00, 49.87, 82.35, 104, 125.65, 158.13, 212.27, 266.40, 320.54, 374.67, 428.81
0.00, 50.89, 83.36, 105, 126.64, 159.11, 213.21, 267.32, 321.43, 375.54, 429.64
0.00, 51.92, 84.37, 106, 127.63, 160.08, 214.16, 268.23, 322.31, 376.39, 430.47
0.00, 52.95, 85.38, 107, 128.62, 161.05, 215.09, 269.14, 323.19, 377.23, 431.28
0.00, 53.99, 86.39, 108, 129.61, 162.01, 216.03, 270.04, 324.06, 378.07, 432.08
1.04, 55.02, 87.41, 109, 130.59, 162.98, 216.96, 270.94, 324.92, 378.90, 432.88
2.11, 56.06, 88.42, 110, 131.58, 163.94, 217.89, 271.83, 325.77, 379.71, 433.66
3.19, 57.10, 89.44, 111, 132.56, 164.90, 218.81, 272.71, 326.62, 380.52, 434.43
4.27, 58.13, 90.45, 112, 133.55, 165.87, 219.73, 273.60, 327.46, 381.33, 435.19
5.35, 59.18, 91.47, 113, 134.53, 166.82, 220.65, 274.47, 328.30, 382.12, 435.94
6.44, 60.22, 92.49, 114, 135.51, 167.78, 221.56, 275.34, 329.12, 382.90, 436.69
7.53, 61.26, 93.51, 115, 136.49, 168.74, 222.47, 276.21, 329.95, 383.68, 437.42
8.62, 62.31, 94.52, 116, 137.48, 169.69, 223.38, 277.07, 330.76, 384.45, 438.14
9.71, 63.36, 95.54, 117, 138.46, 170.64, 224.29, 277.93, 331.57, 385.21, 438.86
10.81, 64.41, 96.56, 118, 139.44, 171.59, 225.19, 278.78, 332.37, 385.97, 439.56
11.91, 65.46, 97.58, 119, 140.42, 172.54, 226.09, 279.63, 333.17, 386.72, 440.26
13.02, 66.51, 98.60, 120, 141.40, 173.49, 226.98, 280.47, 333.96, 387.46, 440.95
14.12, 67.56, 99.62, 121, 142.38, 174.44, 227.88, 281.31, 334.75, 388.19, 441.63
15.23, 68.62, 100.65, 122, 143.35, 175.38, 228.77, 282.15, 335.53, 388.91, 442.30
16.35, 69.67, 101.67, 123, 144.33, 176.33, 229.65, 282.98, 336.31, 389.63, 442.96
17.46, 70.73, 102.69, 124, 145.31, 177.27, 230.54, 283.81, 337.08, 390.35, 443.61
18.58, 71.79, 103.72, 125, 146.28, 178.21, 231.42, 284.63, 337.84, 391.05, 444.26
19.70, 72.85, 104.74, 126, 147.26, 179.15, 232.30, 285.45, 338.60, 391.75, 444.90
20.82, 73.91, 105.76, 127, 148.24, 180.09, 233.18, 286.27, 339.35, 392.44, 445.53
21.95, 74.97, 106.79, 128, 149.21, 181.03, 234.05, 287.08, 340.10, 393.13, 446.16
23.08, 76.04, 107.82, 129, 150.18, 181.96, 234.92, 287.89, 340.85, 393.81, 446.77
24.21, 77.10, 108.84, 130, 151.16, 182.90, 235.79, 288.69, 341.59, 394.48, 447.38
25.34, 78.17, 109.87, 131, 152.13, 183.83, 236.66, 289.49, 342.32, 395.15, 447.98
26.47, 79.24, 110.89, 132, 153.11, 184.76, 237.53, 290.29, 343.05, 395.81, 448.58
27.61, 80.31, 111.92, 133, 154.08, 185.69, 238.39, 291.08, 343.78, 396.47, 449.16
28.75, 81.38, 112.95, 134, 155.05, 186.62, 239.25, 291.87, 344.50, 397.12, 449.74
29.89, 82.45, 113.98, 135, 156.02, 187.55, 240.11, 292.66, 345.21, 397.77, 450.32
31.04, 83.52, 115.01, 136, 156.99, 188.48, 240.96, 293.44, 345.92, 398.40, 450.89
32.18, 84.59, 116.04, 137, 157.96, 189.41, 241.82, 294.22, 346.63, 399.04, 451.45
33.33, 85.67, 117.07, 138, 158.93, 190.33, 242.67, 295.00, 347.33, 399.67, 452.00
34.48, 86.74, 118.10, 139, 159.90, 191.26, 243.52, 295.77, 348.03, 400.29, 452.55
35.64, 87.82, 119.13, 140, 160.87, 192.18, 244.36, 296.54, 348.73, 400.91, 453.09
36.79, 88.90, 120.16, 141, 161.84, 193.10, 245.21, 297.31, 349.42, 401.52, 453.62
37.95, 89.97, 121.19, 142, 162.81, 194.03, 246.05, 298.08, 350.10, 402.13, 454.15
39.11, 91.05, 122.22, 143, 163.78, 194.95, 246.89, 298.84, 350.78, 402.73, 454.68
40.27, 92.13, 123.25, 144, 164.75, 195.87, 247.73, 299.60, 351.46, 403.33, 455.19
41.43, 93.22, 124.29, 145, 165.71, 196.78, 248.57, 300.35, 352.14, 403.92, 455.70
42.60, 94.30, 125.32, 146, 166.68, 197.70, 249.40, 301.10, 352.81, 404.51, 456.21
43.76, 95.38, 126.35, 147, 167.65, 198.62, 250.24, 301.85, 353.47, 405.09, 456.71
44.93, 96.47, 127.39, 148, 168.61, 199.53, 251.07, 302.60, 354.14, 405.67, 457.20
46.10, 97.55, 128.42, 149, 169.58, 200.45, 251.90, 303.35, 354.79, 406.24, 457.69
47.28, 98.64, 129.46, 150, 170.55, 201.36, 252.72, 304.09, 355.45, 406.81, 458.17
48.45, 99.72, 130.49, 151, 171.51, 202.28, 253.55, 304.83, 356.10, 407.38, 458.65
49.63, 100.81, 131.52, 152, 172.48, 203.19, 254.38, 305.56, 356.75, 407.94, 459.13
50.80, 101.90, 132.56, 153, 173.44, 204.10, 255.20, 306.30, 357.39, 408.49, 459.59
51.98, 102.99, 133.60, 154, 174.40, 205.01, 256.02, 307.03, 358.04, 409.05, 460.05
53.16, 104.08, 134.63, 155, 175.37, 205.92, 256.84, 307.76, 358.67, 409.59, 460.51
54.35, 105.17, 135.67, 156, 176.33, 206.83, 257.65, 308.48, 359.31, 410.14, 460.96
55.53, 106.27, 136.71, 157, 177.29, 207.73, 258.47, 309.20, 359.94, 410.67, 461.41
56.72, 107.36, 137.74, 158, 178.26, 208.64, 259.28, 309.93, 360.57, 411.21, 461.85
57.90, 108.45, 138.78, 159, 179.22, 209.55, 260.10, 310.64, 361.19, 411.74, 462.29
59.09, 109.55, 139.82, 160, 180.18, 210.45, 260.91, 311.36, 361.81, 412.27, 462.72
60.28, 110.64, 140.86, 161, 181.14, 211.36, 261.72, 312.07, 362.43, 412.79, 463.15
61.48, 111.74, 141.90, 162, 182.10, 212.26, 262.52, 312.79, 363.05, 413.31, 463.57
62.67, 112.83, 142.93, 163, 183.07, 213.17, 263.33, 313.50, 363.66, 413.83, 463.99
63.87, 113.93, 143.97, 164, 184.03, 214.07, 264.13, 314.20, 364.27, 414.34, 464.40
65.06, 115.03, 145.01, 165, 184.99, 214.97, 264.94, 314.91, 364.88, 414.85, 464.81
66.26, 116.13, 146.05, 166, 185.95, 215.87, 265.74, 315.61, 365.48, 415.35, 465.22
67.46, 117.23, 147.09, 167, 186.91, 216.77, 266.54, 316.31, 366.08, 415.85, 465.62
68.66, 118.33, 148.13, 168, 187.87, 217.67, 267.34, 317.01, 366.68, 416.35, 466.02
69.86, 119.43, 149.17, 169, 188.83, 218.57, 268.14, 317.70, 367.27, 416.84, 466.41
71.07, 120.53, 150.21, 170, 189.79, 219.47, 268.93, 318.40, 367.86, 417.33, 466.80
72.27, 121.64, 151.25, 171, 190.75, 220.36, 269.73, 319.09, 368.45, 417.82, 467.18
73.48, 122.74, 152.30, 172, 191.70, 221.26, 270.52, 319.78, 369.04, 418.30, 467.56
74.69, 123.84, 153.34, 173, 192.66, 222.16, 271.31, 320.47, 369.62, 418.78, 467.94
75.90, 124.95, 154.38, 174, 193.62, 223.05, 272.10, 321.15, 370.21, 419.26, 468.31
77.11, 126.05, 155.42, 175, 194.58, 223.95, 272.89, 321.84, 370.78, 419.73, 468.68
78.32, 127.16, 156.46, 176, 195.54, 224.84, 273.68, 322.52, 371.36, 420.20, 469.04
79.53, 128.27, 157.51, 177, 196.49, 225.73, 274.47, 323.20, 371.93, 420.67, 469.40
80.75, 129.37, 158.55, 178, 197.45, 226.63, 275.25, 323.88, 372.50, 421.13, 469.76
81.96, 130.48, 159.59, 179, 198.41, 227.52, 276.04, 324.55, 373.07, 421.59, 470.11
83.18, 131.59, 160.64, 180, 199.36, 228.41, 276.82, 325.23, 373.64, 422.05, 470.46
84.40, 132.70, 161.68, 181, 200.32, 229.30, 277.60, 325.90, 374.20, 422.50, 470.80
85.62, 133.81, 162.72, 182, 201.28, 230.19, 278.38, 326.57, 374.76, 422.95, 471.14
86.84, 134.92, 163.77, 183, 202.23, 231.08, 279.16, 327.24, 375.32, 423.40, 471.48
88.06, 136.03, 164.81, 184, 203.19, 231.97, 279.94, 327.91, 375.88, 423.85, 471.82
89.28, 137.14, 165.86, 185, 204.14, 232.86, 280.72, 328.57, 376.43, 424.29, 472.15
90.51, 138.25, 166.90, 186, 205.10, 233.75, 281.49, 329.24, 376.98, 424.73, 472.47
91.73, 139.37, 167.95, 187, 206.05, 234.63, 282.27, 329.90, 377.53, 425.16, 472.80
92.96, 140.48, 168.99, 188, 207.01, 235.52, 283.04, 330.56, 378.08, 425.60, 473.12
94.19, 141.59, 170.04, 189, 207.96, 236.41, 283.81, 331.22, 378.62, 426.03, 473.43
95.42, 142.71, 171.08, 190, 208.92, 237.29, 284.58, 331.87, 379.17, 426.46, 473.75
96.65, 143.82, 172.13, 191, 209.87, 238.18, 285.35, 332.53, 379.71, 426.88, 474.06
97.88, 144.94, 173.18, 192, 210.82, 239.06, 286.12, 333.18, 380.24, 427.31, 474.37
99.11, 146.05, 174.22, 193, 211.78, 239.95, 286.89, 333.84, 380.78, 427.73, 474.67
100.34, 147.17, 175.27, 194, 212.73, 240.83, 287.66, 334.49, 381.31, 428.14, 474.97
101.58, 148.29, 176.32, 195, 213.68, 241.71, 288.42, 335.13, 381.85, 428.56, 475.27
102.81, 149.41, 177.36, 196, 214.64, 242.59, 289.19, 335.78, 382.38, 428.97, 475.56
104.05, 150.52, 178.41, 197, 215.59, 243.48, 289.95, 336.43, 382.90, 429.38, 475.86
105.29, 151.64, 179.46, 198, 216.54, 244.36, 290.71, 337.07, 383.43, 429.79, 476.14
106.52, 152.76, 180.50, 199, 217.50, 245.24, 291.48, 337.72, 383.95, 430.19, 476.43
107.76, 153.88, 181.55, 200, 218.45, 246.12, 292.24, 338.36, 384.48, 430.59, 476.71
109.00, 155.00, 182.60, 201, 219.40, 247.00, 293.00, 339.00, 385.00, 430.99, 476.99
110.24, 156.12, 183.65, 202, 220.35, 247.88, 293.76, 339.63, 385.51, 431.39, 477.27
111.49, 157.24, 184.70, 203, 221.30, 248.76, 294.51, 340.27, 386.03, 431.79, 477.54
112.73, 158.36, 185.75, 204, 222.25, 249.64, 295.27, 340.91, 386.54, 432.18, 477.82
113.97, 159.49, 186.79, 205, 223.21, 250.51, 296.03, 341.54, 387.06, 432.57, 478.08
115.22, 160.61, 187.84, 206, 224.16, 251.39, 296.78, 342.17, 387.57, 432.96, 478.35
116.46, 161.73, 188.89, 207, 225.11, 252.27, 297.54, 342.81, 388.07, 433.34, 478.61
117.71, 162.85, 189.94, 208, 226.06, 253.15, 298.29, 343.44, 388.58, 433.73, 478.87
118.96, 163.98, 190.99, 209, 227.01, 254.02, 299.04, 344.06, 389.09, 434.11, 479.13
120.21, 165.10, 192.04, 210, 227.96, 254.90, 299.79, 344.69, 389.59, 434.49, 479.38
121.45, 166.23, 193.09, 211, 228.91, 255.77, 300.55, 345.32, 390.09, 434.86, 479.64
122.70, 167.35, 194.14, 212, 229.86, 256.65, 301.30, 345.94, 390.59, 435.24, 479.89
123.96, 168.48, 195.19, 213, 230.81, 257.52, 302.04, 346.57, 391.09, 435.61, 480.13
125.21, 169.60, 196.24, 214, 231.76, 258.40, 302.79, 347.19, 391.58, 435.98, 480.38
126.46, 170.73, 197.29, 215, 232.71, 259.27, 303.54, 347.81, 392.08, 436.35, 480.62
127.71, 171.86, 198.34, 216, 233.66, 260.14, 304.29, 348.43, 392.57, 436.72, 480.86
128.97, 172.98, 199.39, 217, 234.61, 261.02, 305.03, 349.05, 393.06, 437.08, 481.10
130.22, 174.11, 200.44, 218, 235.56, 261.89, 305.78, 349.67, 393.55, 437.44, 481.33
131.48, 175.24, 201.50, 219, 236.50, 262.76, 306.52, 350.28, 394.04, 437.80, 481.56
132.74, 176.37, 202.55, 220, 237.45, 263.63, 307.26, 350.90, 394.53, 438.16, 481.79
133.99, 177.50, 203.60, 221, 238.40, 264.50, 308.01, 351.51, 395.01, 438.52, 482.02
135.25, 178.63, 204.65, 222, 239.35, 265.37, 308.75, 352.12, 395.50, 438.87, 482.24
136.51, 179.76, 205.70, 223, 240.30, 266.24, 309.49, 352.73, 395.98, 439.22, 482.47
137.77, 180.89, 206.75, 224, 241.25, 267.11, 310.23, 353.34, 396.46, 439.57, 482.69
139.03, 182.02, 207.81, 225, 242.19, 267.98, 310.97, 353.95, 396.94, 439.92, 482.90
140.29, 183.15, 208.86, 226, 243.14, 268.85, 311.71, 354.56, 397.41, 440.27, 483.12
141.56, 184.28, 209.91, 227, 244.09, 269.72, 312.44, 355.17, 397.89, 440.61, 483.33
142.82, 185.41, 210.96, 228, 245.04, 270.59, 313.18, 355.77, 398.36, 440.95, 483.55
144.08, 186.54, 212.02, 229, 245.98, 271.46, 313.92, 356.38, 398.84, 441.30, 483.75
145.35, 187.67, 213.07, 230, 246.93, 272.33, 314.65, 356.98, 399.31, 441.63, 483.96
146.61, 188.81, 214.12, 231, 247.88, 273.19, 315.39, 357.58, 399.78, 441.97, 484.17
147.88, 189.94, 215.18, 232, 248.82, 274.06, 316.12, 358.18, 400.25, 442.31, 484.37
149.14, 191.07, 216.23, 233, 249.77, 274.93, 316.86, 358.78, 400.71, 442.64, 484.57
150.41, 192.21, 217.28, 234, 250.72, 275.79, 317.59, 359.38, 401.18, 442.97, 484.77
151.68, 193.34, 218.34, 235, 251.66, 276.66, 318.32, 359.98, 401.64, 443.30, 484.96
152.95, 194.47, 219.39, 236, 252.61, 277.53, 319.05, 360.58, 402.11, 443.63, 485.16
154.22, 195.61, 220.44, 237, 253.56, 278.39, 319.78, 361.18, 402.57, 443.96, 485.35
155.49, 196.74, 221.50, 238, 254.50, 279.26, 320.51, 361.77, 403.03, 444.28, 485.54
156.76, 197.88, 222.55, 239, 255.45, 280.12, 321.24, 362.36, 403.49, 444.61, 485.73
158.03, 199.01, 223.61, 240, 256.39, 280.99, 321.97, 362.96, 403.94, 444.93, 485.92
159.30, 200.15, 224.66, 241, 257.34, 281.85, 322.70, 363.55, 404.40, 445.25, 486.10
160.57, 201.29, 225.71, 242, 258.29, 282.71, 323.43, 364.14, 404.85, 445.57, 486.28
161.85, 202.42, 226.77, 243, 259.23, 283.58, 324.15, 364.73, 405.31, 445.89, 486.46
163.12, 203.56, 227.82, 244, 260.18, 284.44, 324.88, 365.32, 405.76, 446.20, 486.64
164.39, 204.70, 228.88, 245, 261.12, 285.30, 325.61, 365.91, 406.21, 446.51, 486.82
165.67, 205.83, 229.93, 246, 262.07, 286.17, 326.33, 366.50, 406.66, 446.83, 486.99
166.94, 206.97, 230.99, 247, 263.01, 287.03, 327.06, 367.08, 407.11, 447.14, 487.17
168.22, 208.11, 232.04, 248, 263.96, 287.89, 327.78, 367.67, 407.56, 447.45, 487.34
169.50, 209.25, 233.10, 249, 264.90, 288.75, 328.50, 368.25, 408.00, 447.75, 487.51
170.78, 210.39, 234.16, 250, 265.84, 289.61, 329.22, 368.84, 408.45, 448.06, 487.67
172.05, 211.53, 235.21, 251, 266.79, 290.47, 329.95, 369.42, 408.89, 448.37, 487.84
173.33, 212.67, 236.27, 252, 267.73, 291.33, 330.67, 370.00, 409.34, 448.67, 488.00
174.61, 213.81, 237.32, 253, 268.68, 292.19, 331.39, 370.58, 409.78, 448.97, 488.17
175.89, 214.95, 238.38, 254, 269.62, 293.05, 332.11, 371.16, 410.22, 449.27, 488.33
177.17, 216.09, 239.43, 255, 270.57, 293.91, 332.83, 371.74, 410.66, 449.57, 488.48
178.45, 217.23, 240.49, 256, 271.51, 294.77, 333.55, 372.32, 411.09, 449.87, 488.64
179.73, 218.37, 241.55, 257, 272.45, 295.63, 334.27, 372.90, 411.53, 450.16, 488.80
181.02, 219.51, 242.60, 258, 273.40, 296.49, 334.98, 373.48, 411.97, 450.46, 488.95
182.30, 220.65, 243.66, 259, 274.34, 297.35, 335.70, 374.05, 412.40, 450.75, 489.10
183.58, 221.79, 244.72, 260, 275.28, 298.21, 336.42, 374.63, 412.84, 451.04, 489.25
184.87, 222.93, 245.77, 261, 276.23, 299.07, 337.13, 375.20, 413.27, 451.34, 489.40
186.15, 224.07, 246.83, 262, 277.17, 299.93, 337.85, 375.78, 413.70, 451.63, 489.55
187.43, 225.22, 247.89, 263, 278.11, 300.78, 338.57, 376.35, 414.13, 451.91, 489.70
188.72, 226.36, 248.94, 264, 279.06, 301.64, 339.28, 376.92, 414.56, 452.20, 489.84
190.01, 227.50, 250.00, 265, 280.00, 302.50, 339.99, 377.49, 414.99, 452.49, 489.98
191.29, 228.65, 251.06, 266, 280.94, 303.35, 340.71, 378.06, 415.42, 452.77, 490.12
192.58, 229.79, 252.12, 267, 281.88, 304.21, 341.42, 378.63, 415.84, 453.05, 490.26
193.87, 230.93, 253.17, 268, 282.83, 305.07, 342.13, 379.20, 416.27, 453.33, 490.40
195.15, 232.08, 254.23, 269, 283.77, 305.92, 342.85, 379.77, 416.69, 453.61, 490.54
196.44, 233.22, 255.29, 270, 284.71, 306.78, 343.56, 380.34, 417.11, 453.89, 490.67
197.73, 234.37, 256.35, 271, 285.65, 307.63, 344.27, 380.90, 417.54, 454.17, 490.81
199.02, 235.51, 257.40, 272, 286.60, 308.49, 344.98, 381.47, 417.96, 454.45, 490.94
200.31, 236.66, 258.46, 273, 287.54, 309.34, 345.69, 382.03, 418.38, 454.72, 491.07
201.60, 237.80, 259.52, 274, 288.48, 310.20, 346.40, 382.60, 418.80, 455.00, 491.20
202.89, 238.95, 260.58, 275, 289.42, 311.05, 347.11, 383.16, 419.22, 455.27, 491.32
204.18, 240.09, 261.64, 276, 290.36, 311.91, 347.82, 383.73, 419.63, 455.54, 491.45
205.47, 241.24, 262.69, 277, 291.31, 312.76, 348.53, 384.29, 420.05, 455.81, 491.58
206.77, 242.38, 263.75, 278, 292.25, 313.62, 349.23, 384.85, 420.47, 456.08, 491.70
208.06, 243.53, 264.81, 279, 293.19, 314.47, 349.94, 385.41, 420.88, 456.35, 491.82
209.35, 244.68, 265.87, 280, 294.13, 315.32, 350.65, 385.97, 421.29, 456.62, 491.94
210.65, 245.82, 266.93, 281, 295.07, 316.18, 351.35, 386.53, 421.71, 456.88, 492.06
211.94, 246.97, 267.99, 282, 296.01, 317.03, 352.06, 387.09, 422.12, 457.15, 492.18
213.23, 248.12, 269.05, 283, 296.95, 317.88, 352.77, 387.65, 422.53, 457.41, 492.30
214.53, 249.26, 270.11, 284, 297.89, 318.74, 353.47, 388.21, 422.94, 457.68, 492.41
215.82, 250.41, 271.16, 285, 298.84, 319.59, 354.18, 388.76, 423.35, 457.94, 492.53
217.12, 251.56, 272.22, 286, 299.78, 320.44, 354.88, 389.32, 423.76, 458.20, 492.64
218.42, 252.71, 273.28, 287, 300.72, 321.29, 355.58, 389.88, 424.17, 458.46, 492.75
219.71, 253.86, 274.34, 288, 301.66, 322.14, 356.29, 390.43, 424.57, 458.72, 492.86
221.01, 255.01, 275.40, 289, 302.60, 322.99, 356.99, 390.98, 424.98, 458.97, 492.97
222.31, 256.15, 276.46, 290, 303.54, 323.85, 357.69, 391.54, 425.38, 459.23, 493.08
223.61, 257.30, 277.52, 291, 304.48, 324.70, 358.39, 392.09, 425.79, 459.49, 493.18
224.90, 258.45, 278.58, 292, 305.42, 325.55, 359.10, 392.64, 426.19, 459.74, 493.29
226.20, 259.60, 279.64, 293, 306.36, 326.40, 359.80, 393.20, 426.60, 459.99, 493.39
227.50, 260.75, 280.70, 294, 307.30, 327.25, 360.50, 393.75, 427.00, 460.25, 493.50
228.80, 261.90, 281.76, 295, 308.24, 328.10, 361.20, 394.30, 427.40, 460.50, 493.60
230.10, 263.05, 282.82, 296, 309.18, 328.95, 361.90, 394.85, 427.80, 460.75, 493.70
231.40, 264.20, 283.88, 297, 310.12, 329.80, 362.60, 395.40, 428.20, 461.00, 493.80
232.70, 265.35, 284.94, 298, 311.06, 330.65, 363.30, 395.95, 428.60, 461.25, 493.89
234.00, 266.50, 286.00, 299, 312.00, 331.50, 364.00, 396.50, 428.99, 461.49, 493.99
235.30, 267.65, 287.06, 300, 312.94, 332.35, 364.70, 397.04, 429.39, 461.74, 494.09
236.61, 268.80, 288.12, 301, 313.88, 333.20, 365.39, 397.59, 429.79, 461.99, 494.18
237.91, 269.95, 289.18, 302, 314.82, 334.05, 366.09, 398.14, 430.18, 462.23, 494.28
239.21, 271.11, 290.24, 303, 315.76, 334.89, 366.79, 398.68, 430.58, 462.47, 494.37
240.51, 272.26, 291.30, 304, 316.70, 335.74, 367.49, 399.23, 430.97, 462.72, 494.46
241.82, 273.41, 292.36, 305, 317.64, 336.59, 368.18, 399.77, 431.37, 462.96, 494.55
243.12, 274.56, 293.42, 306, 318.58, 337.44, 368.88, 400.32, 431.76, 463.20, 494.64
244.42, 275.71, 294.48, 307, 319.52, 338.29, 369.58, 400.86, 432.15, 463.44, 494.73
245.73, 276.86, 295.55, 308, 320.45, 339.14, 370.27, 401.41, 432.54, 463.68, 494.81
247.03, 278.02, 296.61, 309, 321.39, 339.98, 370.97, 401.95, 432.93, 463.92, 494.90
248.34, 279.17, 297.67, 310, 322.33, 340.83, 371.66, 402.49, 433.32, 464.15, 494.99
249.64, 280.32, 298.73, 311, 323.27, 341.68, 372.36, 403.03, 433.71, 464.39, 495.07
250.95, 281.47, 299.79, 312, 324.21, 342.53, 373.05, 403.58, 434.10, 464.63, 495.15
252.26, 282.63, 300.85, 313, 325.15, 343.37, 373.74, 404.12, 434.49, 464.86, 495.23
253.56, 283.78, 301.91, 314, 326.09, 344.22, 374.44, 404.66, 434.88, 465.10, 495.31
254.87, 284.93, 302.97, 315, 327.03, 345.07, 375.13, 405.20, 435.26, 465.33, 495.39
256.18, 286.09, 304.04, 316, 327.96, 345.91, 375.82, 405.74, 435.65, 465.56, 495.47
257.48, 287.24, 305.10, 317, 328.90, 346.76, 376.52, 406.28, 436.03, 465.79, 495.55
258.79, 288.40, 306.16, 318, 329.84, 347.60, 377.21, 406.81, 436.42, 466.02, 495.63
260.10, 289.55, 307.22, 319, 330.78, 348.45, 377.90, 407.35, 436.80, 466.25, 495.70
261.41, 290.70, 308.28, 320, 331.72, 349.30, 378.59, 407.89, 437.19, 466.48, 495.78
262.72, 291.86, 309.34, 321, 332.66, 350.14, 379.28, 408.43, 437.57, 466.71, 495.85
264.02, 293.01, 310.40, 322, 333.60, 350.99, 379.98, 408.96, 437.95, 466.94, 495.93
265.33, 294.17, 311.47, 323, 334.53, 351.83, 380.67, 409.50, 438.33, 467.16, 496.00
266.64, 295.32, 312.53, 324, 335.47, 352.68, 381.36, 410.03, 438.71, 467.39, 496.07
267.95, 296.48, 313.59, 325, 336.41, 353.52, 382.05, 410.57, 439.09, 467.62, 496.14
269.26, 297.63, 314.65, 326, 337.35, 354.37, 382.74, 411.10, 439.47, 467.84, 496.21
270.57, 298.79, 315.71, 327, 338.29, 355.21, 383.43, 411.64, 439.85, 468.06, 496.28
271.89, 299.94, 316.78, 328, 339.22, 356.06, 384.11, 412.17, 440.23, 468.29, 496.34
273.20, 301.10, 317.84, 329, 340.16, 356.90, 384.80, 412.71, 440.61, 468.51, 496.41
274.51, 302.25, 318.90, 330, 341.10, 357.75, 385.49, 413.24, 440.98, 468.73, 496.48
275.82, 303.41, 319.96, 331, 342.04, 358.59, 386.18, 413.77, 441.36, 468.95, 496.54
277.13, 304.57, 321.03, 332, 342.97, 359.43, 386.87, 414.30, 441.74, 469.17, 496.61
278.44, 305.72, 322.09, 333, 343.91, 360.28, 387.56, 414.83, 442.11, 469.39, 496.67
279.76, 306.88, 323.15, 334, 344.85, 361.12, 388.24, 415.37, 442.49, 469.61, 496.73
281.07, 308.03, 324.21, 335, 345.79, 361.97, 388.93, 415.90, 442.86, 469.83, 496.79
282.38, 309.19, 325.28, 336, 346.72, 362.81, 389.62, 416.43, 443.24, 470.04, 496.85
283.70, 310.35, 326.34, 337, 347.66, 363.65, 390.30, 416.96, 443.61, 470.26, 496.91
285.01, 311.50, 327.40, 338, 348.60, 364.50, 390.99, 417.49, 443.98, 470.48, 496.97
286.32, 312.66, 328.46, 339, 349.54, 365.34, 391.68, 418.02, 444.35, 470.69, 497.03
287.64, 313.82, 329.53, 340, 350.47, 366.18, 392.36, 418.54, 444.73, 470.91, 497.09
288.95, 314.98, 330.59, 341, 351.41, 367.02, 393.05, 419.07, 445.10, 471.12, 497.14
290.27, 316.13, 331.65, 342, 352.35, 367.87, 393.73, 419.60, 445.47, 471.33, 497.20
291.58, 317.29, 332.72, 343, 353.28, 368.71, 394.42, 420.13, 445.84, 471.55, 497.26
292.90, 318.45, 333.78, 344, 354.22, 369.55, 395.10, 420.66, 446.21, 471.76, 497.31
294.21, 319.61, 334.84, 345, 355.16, 370.39, 395.79, 421.18, 446.58, 471.97, 497.36
295.53, 320.76, 335.91, 346, 356.09, 371.24, 396.47, 421.71, 446.94, 472.18, 497.42
296.84, 321.92, 336.97, 347, 357.03, 372.08, 397.16, 422.23, 447.31, 472.39, 497.47
298.16, 323.08, 338.03, 348, 357.97, 372.92, 397.84, 422.76, 447.68, 472.60, 497.52
299.48, 324.24, 339.10, 349, 358.90, 373.76, 398.52, 423.29, 448.05, 472.81, 497.57
300.79, 325.40, 340.16, 350, 359.84, 374.60, 399.21, 423.81, 448.41, 473.02, 497.62
302.11, 326.56, 341.22, 351, 360.78, 375.44, 399.89, 424.33, 448.78, 473.22, 497.67
303.43, 327.71, 342.29, 352, 361.71, 376.29, 400.57, 424.86, 449.15, 473.43, 497.72
304.74, 328.87, 343.35, 353, 362.65, 377.13, 401.26, 425.38, 449.51, 473.64, 497.77
306.06, 330.03, 344.41, 354, 363.59, 377.97, 401.94, 425.91, 449.87, 473.84, 497.81
307.38, 331.19, 345.48, 355, 364.52, 378.81, 402.62, 426.43, 450.24, 474.05, 497.86
308.70, 332.35, 346.54, 356, 365.46, 379.65, 403.30, 426.95, 450.60, 474.25, 497.90
310.02, 333.51, 347.60, 357, 366.40, 380.49, 403.98, 427.47, 450.97, 474.46, 497.95
311.34, 334.67, 348.67, 358, 367.33, 381.33, 404.66, 428.00, 451.33, 474.66, 497.99
312.65, 335.83, 349.73, 359, 368.27, 382.17, 405.35, 428.52, 451.69, 474.86, 498.04
313.97, 336.99, 350.79, 360, 369.21, 383.01, 406.03, 429.04, 452.05, 475.07, 498.08
315.29, 338.15, 351.86, 361, 370.14, 383.85, 406.71, 429.56, 452.41, 475.27, 498.12
316.61, 339.31, 352.92, 362, 371.08, 384.69, 407.39, 430.08, 452.78, 475.47, 498.16
317.93, 340.47, 353.99, 363, 372.01, 385.53, 408.07, 430.60, 453.14, 475.67, 498.20
319.25, 341.63, 355.05, 364, 372.95, 386.37, 408.75, 431.12, 453.50, 475.87, 498.24
320.57, 342.79, 356.11, 365, 373.89, 387.21, 409.43, 431.64, 453.86, 476.07, 498.28
321.89, 343.95, 357.18, 366, 374.82, 388.05, 410.11, 432.16, 454.22, 476.27, 498.32
323.21, 345.11, 358.24, 367, 375.76, 388.89, 410.79, 432.68, 454.57, 476.47, 498.36
324.53, 346.27, 359.31, 368, 376.69, 389.73, 411.47, 433.20, 454.93, 476.67, 498.40
325.85, 347.43, 360.37, 369, 377.63, 390.57, 412.15, 433.72, 455.29, 476.86, 498.44
327.18, 348.59, 361.44, 370, 378.56, 391.41, 412.82, 434.24, 455.65, 477.06, 498.47
328.50, 349.75, 362.50, 371, 379.50, 392.25, 413.50, 434.75, 456.01, 477.26, 498.51
329.82, 350.91, 363.56, 372, 380.44, 393.09, 414.18, 435.27, 456.36, 477.45, 498.54
331.14, 352.07, 364.63, 373, 381.37, 393.93, 414.86, 435.79, 456.72, 477.65, 498.58
332.46, 353.23, 365.69, 374, 382.31, 394.77, 415.54, 436.31, 457.08, 477.84, 498.61
333.78, 354.39, 366.76, 375, 383.24, 395.61, 416.22, 436.82, 457.43, 478.04, 498.65
335.11, 355.55, 367.82, 376, 384.18, 396.45, 416.89, 437.34, 457.79, 478.23, 498.68
336.43, 356.71, 368.89, 377, 385.11, 397.29, 417.57, 437.86, 458.14, 478.43, 498.71
337.75, 357.88, 369.95, 378, 386.05, 398.12, 418.25, 438.37, 458.50, 478.62, 498.74
339.07, 359.04, 371.01, 379, 386.99, 398.96, 418.93, 438.89, 458.85, 478.81, 498.78
340.40, 360.20, 372.08, 380, 387.92, 399.80, 419.60, 439.40, 459.20, 479.01, 498.81
341.72, 361.36, 373.14, 381, 388.86, 400.64, 420.28, 439.92, 459.56, 479.20, 498.84
343.04, 362.52, 374.21, 382, 389.79, 401.48, 420.96, 440.43, 459.91, 479.39, 498.87
344.37, 363.68, 375.27, 383, 390.73, 402.32, 421.63, 440.95, 460.26, 479.58, 498.90
345.69, 364.85, 376.34, 384, 391.66, 403.15, 422.31, 441.46, 460.62, 479.77, 498.92
347.02, 366.01, 377.40, 385, 392.60, 403.99, 422.98, 441.98, 460.97, 479.96, 498.95
348.34, 367.17, 378.47, 386, 393.53, 404.83, 423.66, 442.49, 461.32, 480.15, 498.98
349.66, 368.33, 379.53, 387, 394.47, 405.67, 424.34, 443.00, 461.67, 480.34, 499.01
350.99, 369.49, 380.60, 388, 395.40, 406.51, 425.01, 443.52, 462.02, 480.53, 499.03
352.31, 370.66, 381.66, 389, 396.34, 407.34, 425.69, 444.03, 462.37, 480.72, 499.06
353.64, 371.82, 382.73, 390, 397.27, 408.18, 426.36, 444.54, 462.72, 480.90, 499.09
354.96, 372.98, 383.79, 391, 398.21, 409.02, 427.04, 445.06, 463.07, 481.09, 499.11
356.29, 374.14, 384.86, 392, 399.14, 409.86, 427.71, 445.57, 463.42, 481.28, 499.14
357.61, 375.31, 385.92, 393, 400.08, 410.69, 428.39, 446.08, 463.77, 481.47, 499.16
358.94, 376.47, 386.99, 394, 401.01, 411.53, 429.06, 446.59, 464.12, 481.65, 499.18
360.26, 377.63, 388.05, 395, 401.95, 412.37, 429.74, 447.10, 464.47, 481.84, 499.21
361.59, 378.79, 389.12, 396, 402.88, 413.21, 430.41, 447.61, 464.82, 482.03, 499.23
362.92, 379.96, 390.18, 397, 403.82, 414.04, 431.08, 448.13, 465.17, 482.21, 499.25
364.24, 381.12, 391.25, 398, 404.75, 414.88, 431.76, 448.64, 465.52, 482.40, 499.27
365.57, 382.28, 392.31, 399, 405.69, 415.72, 432.43, 449.15, 465.86, 482.58, 499.30
366.89, 383.45, 393.38, 400, 406.62, 416.55, 433.11, 449.66, 466.21, 482.76, 499.32
368.22, 384.61, 394.44, 401, 407.56, 417.39, 433.78, 450.17, 466.56, 482.95, 499.34
369.55, 385.77, 395.51, 402, 408.49, 418.23, 434.45, 450.68, 466.91, 483.13, 499.36
370.87, 386.94, 396.57, 403, 409.43, 419.06, 435.13, 451.19, 467.25, 483.31, 499.38
372.20, 388.10, 397.64, 404, 410.36, 419.90, 435.80, 451.70, 467.60, 483.50, 499.40
373.53, 389.26, 398.71, 405, 411.29, 420.74, 436.47, 452.21, 467.94, 483.68, 499.42
374.86, 390.43, 399.77, 406, 412.23, 421.57, 437.14, 452.72, 468.29, 483.86, 499.43
376.18, 391.59, 400.84, 407, 413.16, 422.41, 437.82, 453.23, 468.63, 484.04, 499.45
377.51, 392.76, 401.90, 408, 414.10, 423.25, 438.49, 453.74, 468.98, 484.23, 499.47
378.84, 393.92, 402.97, 409, 415.03, 424.08, 439.16, 454.24, 469.32, 484.41, 499.49
380.17, 395.08, 404.03, 410, 415.97, 424.92, 439.83, 454.75, 469.67, 484.59, 499.50
381.49, 396.25, 405.10, 411, 416.90, 425.75, 440.51, 455.26, 470.01, 484.77, 499.52
382.82, 397.41, 406.16, 412, 417.84, 426.59, 441.18, 455.77, 470.36, 484.95, 499.54
384.15, 398.57, 407.23, 413, 418.77, 427.43, 441.85, 456.28, 470.70, 485.13, 499.55
385.48, 399.74, 408.30, 414, 419.70, 428.26, 442.52, 456.78, 471.05, 485.31, 499.57
386.81, 400.90, 409.36, 415, 420.64, 429.10, 443.19, 457.29, 471.39, 485.49, 499.58
388.13, 402.07, 410.43, 416, 421.57, 429.93, 443.87, 457.80, 471.73, 485.67, 499.60
389.46, 403.23, 411.49, 417, 422.51, 430.77, 444.54, 458.31, 472.07, 485.84, 499.61
390.79, 404.40, 412.56, 418, 423.44, 431.60, 445.21, 458.81, 472.42, 486.02, 499.63
392.12, 405.56, 413.62, 419, 424.38, 432.44, 445.88, 459.32, 472.76, 486.20, 499.64
393.45, 406.72, 414.69, 420, 425.31, 433.28, 446.55, 459.83, 473.10, 486.38, 499.65
394.78, 407.89, 415.76, 421, 426.24, 434.11, 447.22, 460.33, 473.44, 486.56, 499.67
396.11, 409.05, 416.82, 422, 427.18, 434.95, 447.89, 460.84, 473.79, 486.73, 499.68
397.44, 410.22, 417.89, 423, 428.11, 435.78, 448.56, 461.35, 474.13, 486.91, 499.69
398.77, 411.38, 418.95, 424, 429.05, 436.62, 449.23, 461.85, 474.47, 487.09, 499.70
400.10, 412.55, 420.02, 425, 429.98, 437.45, 449.90, 462.36, 474.81, 487.26, 499.71
401.42, 413.71, 421.08, 426, 430.92, 438.29, 450.58, 462.86, 475.15, 487.44, 499.73
402.75, 414.88, 422.15, 427, 431.85, 439.12, 451.25, 463.37, 475.49, 487.61, 499.74
404.08, 416.04, 423.22, 428, 432.78, 439.96, 451.92, 463.87, 475.83, 487.79, 499.75
405.41, 417.21, 424.28, 429, 433.72, 440.79, 452.59, 464.38, 476.17, 487.97, 499.76
406.74, 418.37, 425.35, 430, 434.65, 441.63, 453.26, 464.88, 476.51, 488.14, 499.77
408.07, 419.54, 426.41, 431, 435.59, 442.46, 453.93, 465.39, 476.85, 488.32, 499.78
409.40, 420.70, 427.48, 432, 436.52, 443.30, 454.60, 465.89, 477.19, 488.49, 499.79
410.73, 421.87, 428.55, 433, 437.45, 444.13, 455.27, 466.40, 477.53, 488.66, 499.80
412.06, 423.03, 429.61, 434, 438.39, 444.97, 455.94, 466.90, 477.87, 488.84, 499.81
413.40, 424.20, 430.68, 435, 439.32, 445.80, 456.60, 467.41, 478.21, 489.01, 499.82
414.73, 425.36, 431.75, 436, 440.25, 446.64, 457.27, 467.91, 478.55, 489.19, 499.82
416.06, 426.53, 432.81, 437, 441.19, 447.47, 457.94, 468.42, 478.89, 489.36, 499.83
417.39, 427.69, 433.88, 438, 442.12, 448.31, 458.61, 468.92, 479.23, 489.53, 499.84
418.72, 428.86, 434.94, 439, 443.06, 449.14, 459.28, 469.42, 479.56, 489.71, 499.85
420.05, 430.02, 436.01, 440, 443.99, 449.98, 459.95, 469.93, 479.90, 489.88, 499.85
421.38, 431.19, 437.08, 441, 444.92, 450.81, 460.62, 470.43, 480.24, 490.05, 499.86
422.71, 432.36, 438.14, 442, 445.86, 451.64, 461.29, 470.93, 480.58, 490.22, 499.87
424.04, 433.52, 439.21, 443, 446.79, 452.48, 461.96, 471.44, 480.92, 490.40, 499.88
425.37, 434.69, 440.27, 444, 447.73, 453.31, 462.63, 471.94, 481.25, 490.57, 499.88
426.70, 435.85, 441.34, 445, 448.66, 454.15, 463.30, 472.44, 481.59, 490.74, 499.89
428.04, 437.02, 442.41, 446, 449.59, 454.98, 463.96, 472.95, 481.93, 490.91, 499.89
429.37, 438.18, 443.47, 447, 450.53, 455.82, 464.63, 473.45, 482.27, 491.08, 499.90
430.70, 439.35, 444.54, 448, 451.46, 456.65, 465.30, 473.95, 482.60, 491.25, 499.91
432.03, 440.51, 445.61, 449, 452.39, 457.49, 465.97, 474.46, 482.94, 491.43, 499.91
433.36, 441.68, 446.67, 450, 453.33, 458.32, 466.64, 474.96, 483.28, 491.60, 499.92
434.69, 442.85, 447.74, 451, 454.26, 459.15, 467.31, 475.46, 483.61, 491.77, 499.92
436.02, 444.01, 448.80, 452, 455.20, 459.99, 467.98, 475.96, 483.95, 491.94, 499.93
437.36, 445.18, 449.87, 453, 456.13, 460.82, 468.64, 476.47, 484.29, 492.11, 499.93
438.69, 446.34, 450.94, 454, 457.06, 461.66, 469.31, 476.97, 484.62, 492.28, 499.93
440.02, 447.51, 452.00, 455, 458.00, 462.49, 469.98, 477.47, 484.96, 492.45, 499.94
441.35, 448.68, 453.07, 456, 458.93, 463.32, 470.65, 477.97, 485.30, 492.62, 499.94
442.68, 449.84, 454.14, 457, 459.86, 464.16, 471.32, 478.47, 485.63, 492.79, 499.95
444.02, 451.01, 455.20, 458, 460.80, 464.99, 471.98, 478.98, 485.97, 492.96, 499.95
445.35, 452.17, 456.27, 459, 461.73, 465.83, 472.65, 479.48, 486.30, 493.13, 499.95
446.68, 453.34, 457.34, 460, 462.66, 466.66, 473.32, 479.98, 486.64, 493.30, 499.96
448.01, 454.51, 458.40, 461, 463.60, 467.49, 473.99, 480.48, 486.97, 493.47, 499.96
449.35, 455.67, 459.47, 462, 464.53, 468.33, 474.65, 480.98, 487.31, 493.64, 499.96
450.68, 456.84, 460.54, 463, 465.46, 469.16, 475.32, 481.48, 487.64, 493.81, 499.97
452.01, 458.01, 461.60, 464, 466.40, 469.99, 475.99, 481.98, 487.98, 493.97, 499.97
453.34, 459.17, 462.67, 465, 467.33, 470.83, 476.66, 482.49, 488.31, 494.14, 499.97
454.68, 460.34, 463.74, 466, 468.26, 471.66, 477.32, 482.99, 488.65, 494.31, 499.97
456.01, 461.50, 464.80, 467, 469.20, 472.50, 477.99, 483.49, 488.98, 494.48, 499.98
457.34, 462.67, 465.87, 468, 470.13, 473.33, 478.66, 483.99, 489.32, 494.65, 499.98
458.67, 463.84, 466.93, 469, 471.07, 474.16, 479.33, 484.49, 489.65, 494.82, 499.98
460.01, 465.00, 468.00, 470, 472.00, 475.00, 479.99, 484.99, 489.99, 494.98, 499.98
461.34, 466.17, 469.07, 471, 472.93, 475.83, 480.66, 485.49, 490.32, 495.15, 499.98
462.67, 467.34, 470.13, 472, 473.87, 476.66, 481.33, 485.99, 490.66, 495.32, 499.99
464.00, 468.50, 471.20, 473, 474.80, 477.50, 482.00, 486.49, 490.99, 495.49, 499.99
465.34, 469.67, 472.27, 474, 475.73, 478.33, 482.66, 486.99, 491.33, 495.66, 499.99
466.67, 470.84, 473.33, 475, 476.67, 479.16, 483.33, 487.49, 491.66, 495.82, 499.99
468.00, 472.00, 474.40, 476, 477.60, 480.00, 484.00, 488.00, 491.99, 495.99, 499.99
469.34, 473.17, 475.47, 477, 478.53, 480.83, 484.66, 488.50, 492.33, 496.16, 499.99
470.67, 474.33, 476.53, 478, 479.47, 481.67, 485.33, 489.00, 492.66, 496.33, 499.99
472.00, 475.50, 477.60, 479, 480.40, 482.50, 486.00, 489.50, 493.00, 496.49, 499.99
473.34, 476.67, 478.67, 480, 481.33, 483.33, 486.66, 490.00, 493.33, 496.66, 499.99
474.67, 477.83, 479.73, 481, 482.27, 484.17, 487.33, 490.50, 493.66, 496.83, 500.00
476.00, 479.00, 480.80, 482, 483.20, 485.00, 488.00, 491.00, 494.00, 497.00, 500.00
477.33, 480.17, 481.87, 483, 484.13, 485.83, 488.67, 491.50, 494.33, 497.16, 500.00
478.67, 481.33, 482.93, 484, 485.07, 486.67, 489.33, 492.00, 494.66, 497.33, 500.00
480.00, 482.50, 484.00, 485, 486.00, 487.50, 490.00, 492.50, 495.00, 497.50, 500.00
481.33, 483.67, 485.07, 486, 486.93, 488.33, 490.67, 493.00, 495.33, 497.67, 500.00
482.67, 484.83, 486.13, 487, 487.87, 489.17, 491.33, 493.50, 495.67, 497.83, 500.00
484.00, 486.00, 487.20, 488, 488.80, 490.00, 492.00, 494.00, 496.00, 498.00, 500.00
485.33, 487.17, 488.27, 489, 489.73, 490.83, 492.67, 494.50, 496.33, 498.17, 500.00
486.67, 488.33, 489.33, 490, 490.67, 491.67, 493.33, 495.00, 496.67, 498.33, 500.00
488.00, 489.50, 490.40, 491, 491.60, 492.50, 494.00, 495.50, 497.00, 498.50, 500.00
489.33, 490.67, 491.47, 492, 492.53, 493.33, 494.67, 496.00, 497.33, 498.67, 500.00
490.67, 491.83, 492.53, 493, 493.47, 494.17, 495.33, 496.50, 497.67, 498.83, 500.00
492.00, 493.00, 493.60, 494, 494.40, 495.00, 496.00, 497.00, 498.00, 499.00, 500.00
493.33, 494.17, 494.67, 495, 495.33, 495.83, 496.67, 497.50, 498.33, 499.17, 500.00
494.67, 495.33, 495.73, 496, 496.27, 496.67, 497.33, 498.00, 498.67, 499.33, 500.00
496.00, 496.50, 496.80, 497, 497.20, 497.50, 498.00, 498.50, 499.00, 499.50, 500.00
497.33, 497.67, 497.87, 498, 498.13, 498.33, 498.67, 499.00, 499.33, 499.67, 500.00
498.67, 498.83, 498.93, 499, 499.07, 499.17, 499.33, 499.50, 499.67, 499.83, 500.00
500.00, 500.00, 500.00, 500, 500.00, 500.00, 500.00, 500.00, 500.00, 500.00, 500.00
501.33, 501.17, 501.07, 501, 500.93, 500.83, 500.67, 500.50, 500.33, 500.17, 500.00
502.67, 502.33, 502.13, 502, 501.87, 501.67, 501.33, 501.00, 500.67, 500.33, 500.00
504.00, 503.50, 503.20, 503, 502.80, 502.50, 502.00, 501.50, 501.00, 500.50, 500.00
505.33, 504.67, 504.27, 504, 503.73, 503.33, 502.67, 502.00, 501.33, 500.67, 500.00
506.67, 505.83, 505.33, 505, 504.67, 504.17, 503.33, 502.50, 501.67, 500.83, 500.00
508.00, 507.00, 506.40, 506, 505.60, 505.00, 504.00, 503.00, 502.00, 501.00, 500.00
509.33, 508.17, 507.47, 507, 506.53, 505.83, 504.67, 503.50, 502.33, 501.17, 500.00
510.67, 509.33, 508.53, 508, 507.47, 506.67, 505.33, 504.00, 502.67, 501.33, 500.00
512.00, 510.50, 509.60, 509, 508.40, 507.50, 506.00, 504.50, 503.00, 501.50, 500.00
513.33, 511.67, 510.67, 510, 509.33, 508.33, 506.67, 505.00, 503.33, 501.67, 500.00
514.67, 512.83, 511.73, 511, 510.27, 509.17, 507.33, 505.50, 503.67, 501.83, 500.00
516.00, 514.00, 512.80, 512, 511.20, 510.00, 508.00, 506.00, 504.00, 502.00, 500.00
517.33, 515.17, 513.87, 513, 512.13, 510.83, 508.67, 506.50, 504.33, 502.17, 500.00
518.67, 516.33, 514.93, 514, 513.07, 511.67, 509.33, 507.00, 504.67, 502.33, 500.00
520.00, 517.50, 516.00, 515, 514.00, 512.50, 510.00, 507.50, 505.00, 502.50, 500.00
521.33, 518.67, 517.07, 516, 514.93, 513.33, 510.67, 508.00, 505.34, 502.67, 500.00
522.67, 519.83, 518.13, 517, 515.87, 514.17, 511.33, 508.50, 505.67, 502.84, 500.00
524.00, 521.00, 519.20, 518, 516.80, 515.00, 512.00, 509.00, 506.00, 503.00, 500.00
525.33, 522.17, 520.27, 519, 517.73, 515.83, 512.67, 509.50, 506.34, 503.17, 500.00
526.66, 523.33, 521.33, 520, 518.67, 516.67, 513.34, 510.00, 506.67, 503.34, 500.01
528.00, 524.50, 522.40, 521, 519.60, 517.50, 514.00, 510.50, 507.00, 503.51, 500.01
529.33, 525.67, 523.47, 522, 520.53, 518.33, 514.67, 511.00, 507.34, 503.67, 500.01
530.66, 526.83, 524.53, 523, 521.47, 519.17, 515.34, 511.50, 507.67, 503.84, 500.01
532.00, 528.00, 525.60, 524, 522.40, 520.00, 516.00, 512.00, 508.01, 504.01, 500.01
533.33, 529.16, 526.67, 525, 523.33, 520.84, 516.67, 512.51, 508.34, 504.18, 500.01
534.66, 530.33, 527.73, 526, 524.27, 521.67, 517.34, 513.01, 508.67, 504.34, 500.01
536.00, 531.50, 528.80, 527, 525.20, 522.50, 518.00, 513.51, 509.01, 504.51, 500.01
537.33, 532.66, 529.87, 528, 526.13, 523.34, 518.67, 514.01, 509.34, 504.68, 500.01
538.66, 533.83, 530.93, 529, 527.07, 524.17, 519.34, 514.51, 509.68, 504.85, 500.02
539.99, 535.00, 532.00, 530, 528.00, 525.00, 520.01, 515.01, 510.01, 505.02, 500.02
541.33, 536.16, 533.07, 531, 528.93, 525.84, 520.67, 515.51, 510.35, 505.18, 500.02
542.66, 537.33, 534.13, 532, 529.87, 526.67, 521.34, 516.01, 510.68, 505.35, 500.02
543.99, 538.50, 535.20, 533, 530.80, 527.50, 522.01, 516.51, 511.02, 505.52, 500.02
545.32, 539.66, 536.26, 534, 531.74, 528.34, 522.68, 517.01, 511.35, 505.69, 500.03
546.66, 540.83, 537.33, 535, 532.67, 529.17, 523.34, 517.51, 511.69, 505.86, 500.03
547.99, 541.99, 538.40, 536, 533.60, 530.01, 524.01, 518.02, 512.02, 506.03, 500.03
549.32, 543.16, 539.46, 537, 534.54, 530.84, 524.68, 518.52, 512.36, 506.19, 500.03
550.65, 544.33, 540.53, 538, 535.47, 531.67, 525.35, 519.02, 512.69, 506.36, 500.04
551.99, 545.49, 541.60, 539, 536.40, 532.51, 526.01, 519.52, 513.03, 506.53, 500.04
553.32, 546.66, 542.66, 540, 537.34, 533.34, 526.68, 520.02, 513.36, 506.70, 500.04
554.65, 547.83, 543.73, 541, 538.27, 534.17, 527.35, 520.52, 513.70, 506.87, 500.05
555.98, 548.99, 544.80, 542, 539.20, 535.01, 528.02, 521.02, 514.03, 507.04, 500.05
557.32, 550.16, 545.86, 543, 540.14, 535.84, 528.68, 521.53, 514.37, 507.21, 500.05
558.65, 551.32, 546.93, 544, 541.07, 536.68, 529.35, 522.03, 514.70, 507.38, 500.06
559.98, 552.49, 548.00, 545, 542.00, 537.51, 530.02, 522.53, 515.04, 507.55, 500.06
561.31, 553.66, 549.06, 546, 542.94, 538.34, 530.69, 523.03, 515.38, 507.72, 500.07
562.64, 554.82, 550.13, 547, 543.87, 539.18, 531.36, 523.53, 515.71, 507.89, 500.07
563.98, 555.99, 551.20, 548, 544.80, 540.01, 532.02, 524.04, 516.05, 508.06, 500.07
565.31, 557.15, 552.26, 549, 545.74, 540.85, 532.69, 524.54, 516.39, 508.23, 500.08
566.64, 558.32, 553.33, 550, 546.67, 541.68, 533.36, 525.04, 516.72, 508.40, 500.08
567.97, 559.49, 554.39, 551, 547.61, 542.51, 534.03, 525.54, 517.06, 508.57, 500.09
569.30, 560.65, 555.46, 552, 548.54, 543.35, 534.70, 526.05, 517.40, 508.75, 500.09
570.63, 561.82, 556.53, 553, 549.47, 544.18, 535.37, 526.55, 517.73, 508.92, 500.10
571.96, 562.98, 557.59, 554, 550.41, 545.02, 536.04, 527.05, 518.07, 509.09, 500.11
573.30, 564.15, 558.66, 555, 551.34, 545.85, 536.70, 527.56, 518.41, 509.26, 500.11
574.63, 565.31, 559.73, 556, 552.27, 546.69, 537.37, 528.06, 518.75, 509.43, 500.12
575.96, 566.48, 560.79, 557, 553.21, 547.52, 538.04, 528.56, 519.08, 509.60, 500.12
577.29, 567.64, 561.86, 558, 554.14, 548.36, 538.71, 529.07, 519.42, 509.78, 500.13
578.62, 568.81, 562.92, 559, 555.08, 549.19, 539.38, 529.57, 519.76, 509.95, 500.14
579.95, 569.98, 563.99, 560, 556.01, 550.02, 540.05, 530.07, 520.10, 510.12, 500.15
581.28, 571.14, 565.06, 561, 556.94, 550.86, 540.72, 530.58, 520.44, 510.29, 500.15
582.61, 572.31, 566.12, 562, 557.88, 551.69, 541.39, 531.08, 520.77, 510.47, 500.16
583.94, 573.47, 567.19, 563, 558.81, 552.53, 542.06, 531.58, 521.11, 510.64, 500.17
585.27, 574.64, 568.25, 564, 559.75, 553.36, 542.73, 532.09, 521.45, 510.81, 500.18
586.60, 575.80, 569.32, 565, 560.68, 554.20, 543.40, 532.59, 521.79, 510.99, 500.18
587.94, 576.97, 570.39, 566, 561.61, 555.03, 544.06, 533.10, 522.13, 511.16, 500.19
589.27, 578.13, 571.45, 567, 562.55, 555.87, 544.73, 533.60, 522.47, 511.34, 500.20
590.60, 579.30, 572.52, 568, 563.48, 556.70, 545.40, 534.11, 522.81, 511.51, 500.21
591.93, 580.46, 573.59, 569, 564.41, 557.54, 546.07, 534.61, 523.15, 511.68, 500.22
593.26, 581.63, 574.65, 570, 565.35, 558.37, 546.74, 535.12, 523.49, 511.86, 500.23
594.59, 582.79, 575.72, 571, 566.28, 559.21, 547.41, 535.62, 523.83, 512.03, 500.24
595.92, 583.96, 576.78, 572, 567.22, 560.04, 548.08, 536.13, 524.17, 512.21, 500.25
597.25, 585.12, 577.85, 573, 568.15, 560.88, 548.75, 536.63, 524.51, 512.39, 500.26
598.58, 586.29, 578.92, 574, 569.08, 561.71, 549.42, 537.14, 524.85, 512.56, 500.27
599.90, 587.45, 579.98, 575, 570.02, 562.55, 550.10, 537.64, 525.19, 512.74, 500.29
601.23, 588.62, 581.05, 576, 570.95, 563.38, 550.77, 538.15, 525.53, 512.91, 500.30
602.56, 589.78, 582.11, 577, 571.89, 564.22, 551.44, 538.65, 525.87, 513.09, 500.31
603.89, 590.95, 583.18, 578, 572.82, 565.05, 552.11, 539.16, 526.21, 513.27, 500.32
605.22, 592.11, 584.24, 579, 573.76, 565.89, 552.78, 539.67, 526.56, 513.44, 500.33
606.55, 593.28, 585.31, 580, 574.69, 566.72, 553.45, 540.17, 526.90, 513.62, 500.35
607.88, 594.44, 586.38, 581, 575.62, 567.56, 554.12, 540.68, 527.24, 513.80, 500.36
609.21, 595.60, 587.44, 582, 576.56, 568.40, 554.79, 541.19, 527.58, 513.98, 500.37
610.54, 596.77, 588.51, 583, 577.49, 569.23, 555.46, 541.69, 527.93, 514.16, 500.39
611.87, 597.93, 589.57, 584, 578.43, 570.07, 556.13, 542.20, 528.27, 514.34, 500.40
613.19, 599.10, 590.64, 585, 579.36, 570.90, 556.81, 542.71, 528.61, 514.51, 500.42
614.52, 600.26, 591.70, 586, 580.30, 571.74, 557.48, 543.22, 528.95, 514.69, 500.43
615.85, 601.43, 592.77, 587, 581.23, 572.57, 558.15, 543.72, 529.30, 514.87, 500.45
617.18, 602.59, 593.84, 588, 582.16, 573.41, 558.82, 544.23, 529.64, 515.05, 500.46
618.51, 603.75, 594.90, 589, 583.10, 574.25, 559.49, 544.74, 529.99, 515.23, 500.48
619.83, 604.92, 595.97, 590, 584.03, 575.08, 560.17, 545.25, 530.33, 515.41, 500.50
621.16, 606.08, 597.03, 591, 584.97, 575.92, 560.84, 545.76, 530.68, 515.59, 500.51
622.49, 607.25, 598.10, 592, 585.90, 576.76, 561.51, 546.26, 531.02, 515.77, 500.53
623.82, 608.41, 599.16, 593, 586.84, 577.59, 562.18, 546.77, 531.37, 515.96, 500.55
625.14, 609.57, 600.23, 594, 587.77, 578.43, 562.86, 547.28, 531.71, 516.14, 500.57
626.47, 610.74, 601.29, 595, 588.71, 579.26, 563.53, 547.79, 532.06, 516.32, 500.58
627.80, 611.90, 602.36, 596, 589.64, 580.10, 564.20, 548.30, 532.40, 516.50, 500.60
629.13, 613.06, 603.43, 597, 590.57, 580.94, 564.87, 548.81, 532.75, 516.69, 500.62
630.45, 614.23, 604.49, 598, 591.51, 581.77, 565.55, 549.32, 533.09, 516.87, 500.64
631.78, 615.39, 605.56, 599, 592.44, 582.61, 566.22, 549.83, 533.44, 517.05, 500.66
633.11, 616.55, 606.62, 600, 593.38, 583.45, 566.89, 550.34, 533.79, 517.24, 500.68
634.43, 617.72, 607.69, 601, 594.31, 584.28, 567.57, 550.85, 534.14, 517.42, 500.70
635.76, 618.88, 608.75, 602, 595.25, 585.12, 568.24, 551.36, 534.48, 517.60, 500.73
637.08, 620.04, 609.82, 603, 596.18, 585.96, 568.92, 551.87, 534.83, 517.79, 500.75
638.41, 621.21, 610.88, 604, 597.12, 586.79, 569.59, 552.39, 535.18, 517.97, 500.77
639.74, 622.37, 611.95, 605, 598.05, 587.63, 570.26, 552.90, 535.53, 518.16, 500.79
641.06, 623.53, 613.01, 606, 598.99, 588.47, 570.94, 553.41, 535.88, 518.35, 500.82
642.39, 624.69, 614.08, 607, 599.92, 589.31, 571.61, 553.92, 536.23, 518.53, 500.84
643.71, 625.86, 615.14, 608, 600.86, 590.14, 572.29, 554.43, 536.58, 518.72, 500.86
645.04, 627.02, 616.21, 609, 601.79, 590.98, 572.96, 554.94, 536.93, 518.91, 500.89
646.36, 628.18, 617.27, 610, 602.73, 591.82, 573.64, 555.46, 537.28, 519.09, 500.91
647.69, 629.34, 618.34, 611, 603.66, 592.66, 574.31, 555.97, 537.63, 519.28, 500.94
649.01, 630.51, 619.40, 612, 604.60, 593.49, 574.99, 556.48, 537.98, 519.47, 500.97
650.34, 631.67, 620.47, 613, 605.53, 594.33, 575.66, 557.00, 538.33, 519.66, 500.99
651.66, 632.83, 621.53, 614, 606.47, 595.17, 576.34, 557.51, 538.68, 519.85, 501.02
652.98, 633.99, 622.60, 615, 607.40, 596.01, 577.02, 558.02, 539.03, 520.04, 501.05
654.31, 635.15, 623.66, 616, 608.34, 596.85, 577.69, 558.54, 539.38, 520.23, 501.08
655.63, 636.32, 624.73, 617, 609.27, 597.68, 578.37, 559.05, 539.74, 520.42, 501.10
656.96, 637.48, 625.79, 618, 610.21, 598.52, 579.04, 559.57, 540.09, 520.61, 501.13
658.28, 638.64, 626.86, 619, 611.14, 599.36, 579.72, 560.08, 540.44, 520.80, 501.16
659.60, 639.80, 627.92, 620, 612.08, 600.20, 580.40, 560.60, 540.80, 520.99, 501.19
660.93, 640.96, 628.99, 621, 613.01, 601.04, 581.07, 561.11, 541.15, 521.19, 501.22
662.25, 642.12, 630.05, 622, 613.95, 601.88, 581.75, 561.63, 541.50, 521.38, 501.26
663.57, 643.29, 631.11, 623, 614.89, 602.71, 582.43, 562.14, 541.86, 521.57, 501.29
664.89, 644.45, 632.18, 624, 615.82, 603.55, 583.11, 562.66, 542.21, 521.77, 501.32
666.22, 645.61, 633.24, 625, 616.76, 604.39, 583.78, 563.18, 542.57, 521.96, 501.35
667.54, 646.77, 634.31, 626, 617.69, 605.23, 584.46, 563.69, 542.92, 522.16, 501.39
668.86, 647.93, 635.37, 627, 618.63, 606.07, 585.14, 564.21, 543.28, 522.35, 501.42
670.18, 649.09, 636.44, 628, 619.56, 606.91, 585.82, 564.73, 543.64, 522.55, 501.46
671.50, 650.25, 637.50, 629, 620.50, 607.75, 586.50, 565.25, 543.99, 522.74, 501.49
672.82, 651.41, 638.56, 630, 621.44, 608.59, 587.18, 565.76, 544.35, 522.94, 501.53
674.15, 652.57, 639.63, 631, 622.37, 609.43, 587.85, 566.28, 544.71, 523.14, 501.56
675.47, 653.73, 640.69, 632, 623.31, 610.27, 588.53, 566.80, 545.07, 523.33, 501.60
676.79, 654.89, 641.76, 633, 624.24, 611.11, 589.21, 567.32, 545.43, 523.53, 501.64
678.11, 656.05, 642.82, 634, 625.18, 611.95, 589.89, 567.84, 545.78, 523.73, 501.68
679.43, 657.21, 643.89, 635, 626.11, 612.79, 590.57, 568.36, 546.14, 523.93, 501.72
680.75, 658.37, 644.95, 636, 627.05, 613.63, 591.25, 568.88, 546.50, 524.13, 501.76
682.07, 659.53, 646.01, 637, 627.99, 614.47, 591.93, 569.40, 546.86, 524.33, 501.80
683.39, 660.69, 647.08, 638, 628.92, 615.31, 592.61, 569.92, 547.22, 524.53, 501.84
684.71, 661.85, 648.14, 639, 629.86, 616.15, 593.29, 570.44, 547.59, 524.73, 501.88
686.03, 663.01, 649.21, 640, 630.79, 616.99, 593.97, 570.96, 547.95, 524.93, 501.92
687.35, 664.17, 650.27, 641, 631.73, 617.83, 594.65, 571.48, 548.31, 525.14, 501.96
688.66, 665.33, 651.33, 642, 632.67, 618.67, 595.34, 572.00, 548.67, 525.34, 502.01
689.98, 666.49, 652.40, 643, 633.60, 619.51, 596.02, 572.53, 549.03, 525.54, 502.05
691.30, 667.65, 653.46, 644, 634.54, 620.35, 596.70, 573.05, 549.40, 525.75, 502.10
692.62, 668.81, 654.52, 645, 635.48, 621.19, 597.38, 573.57, 549.76, 525.95, 502.14
693.94, 669.97, 655.59, 646, 636.41, 622.03, 598.06, 574.09, 550.13, 526.16, 502.19
695.26, 671.13, 656.65, 647, 637.35, 622.87, 598.74, 574.62, 550.49, 526.36, 502.23
696.57, 672.29, 657.71, 648, 638.29, 623.71, 599.43, 575.14, 550.85, 526.57, 502.28
697.89, 673.44, 658.78, 649, 639.22, 624.56, 600.11, 575.67, 551.22, 526.78, 502.33
699.21, 674.60, 659.84, 650, 640.16, 625.40, 600.79, 576.19, 551.59, 526.98, 502.38
700.52, 675.76, 660.90, 651, 641.10, 626.24, 601.48, 576.71, 551.95, 527.19, 502.43
701.84, 676.92, 661.97, 652, 642.03, 627.08, 602.16, 577.24, 552.32, 527.40, 502.48
703.16, 678.08, 663.03, 653, 642.97, 627.92, 602.84, 577.77, 552.69, 527.61, 502.53
704.47, 679.24, 664.09, 654, 643.91, 628.76, 603.53, 578.29, 553.06, 527.82, 502.58
705.79, 680.39, 665.16, 655, 644.84, 629.61, 604.21, 578.82, 553.42, 528.03, 502.64
707.10, 681.55, 666.22, 656, 645.78, 630.45, 604.90, 579.34, 553.79, 528.24, 502.69
708.42, 682.71, 667.28, 657, 646.72, 631.29, 605.58, 579.87, 554.16, 528.45, 502.74
709.73, 683.87, 668.35, 658, 647.65, 632.13, 606.27, 580.40, 554.53, 528.67, 502.80
711.05, 685.02, 669.41, 659, 648.59, 632.98, 606.95, 580.93, 554.90, 528.88, 502.86
712.36, 686.18, 670.47, 660, 649.53, 633.82, 607.64, 581.46, 555.27, 529.09, 502.91
713.68, 687.34, 671.54, 661, 650.46, 634.66, 608.32, 581.98, 555.65, 529.31, 502.97
714.99, 688.50, 672.60, 662, 651.40, 635.50, 609.01, 582.51, 556.02, 529.52, 503.03
716.30, 689.65, 673.66, 663, 652.34, 636.35, 609.70, 583.04, 556.39, 529.74, 503.09
717.62, 690.81, 674.72, 664, 653.28, 637.19, 610.38, 583.57, 556.76, 529.96, 503.15
718.93, 691.97, 675.79, 665, 654.21, 638.03, 611.07, 584.10, 557.14, 530.17, 503.21
720.24, 693.12, 676.85, 666, 655.15, 638.88, 611.76, 584.63, 557.51, 530.39, 503.27
721.56, 694.28, 677.91, 667, 656.09, 639.72, 612.44, 585.17, 557.89, 530.61, 503.33
722.87, 695.43, 678.97, 668, 657.03, 640.57, 613.13, 585.70, 558.26, 530.83, 503.39
724.18, 696.59, 680.04, 669, 657.96, 641.41, 613.82, 586.23, 558.64, 531.05, 503.46
725.49, 697.75, 681.10, 670, 658.90, 642.25, 614.51, 586.76, 559.02, 531.27, 503.52
726.80, 698.90, 682.16, 671, 659.84, 643.10, 615.20, 587.29, 559.39, 531.49, 503.59
728.11, 700.06, 683.22, 672, 660.78, 643.94, 615.89, 587.83, 559.77, 531.71, 503.66
729.43, 701.21, 684.29, 673, 661.71, 644.79, 616.57, 588.36, 560.15, 531.94, 503.72
730.74, 702.37, 685.35, 674, 662.65, 645.63, 617.26, 588.90, 560.53, 532.16, 503.79
732.05, 703.52, 686.41, 675, 663.59, 646.48, 617.95, 589.43, 560.91, 532.38, 503.86
733.36, 704.68, 687.47, 676, 664.53, 647.32, 618.64, 589.97, 561.29, 532.61, 503.93
734.67, 705.83, 688.53, 677, 665.47, 648.17, 619.33, 590.50, 561.67, 532.84, 504.00
735.98, 706.99, 689.60, 678, 666.40, 649.01, 620.02, 591.04, 562.05, 533.06, 504.07
737.28, 708.14, 690.66, 679, 667.34, 649.86, 620.72, 591.57, 562.43, 533.29, 504.15
738.59, 709.30, 691.72, 680, 668.28, 650.70, 621.41, 592.11, 562.81, 533.52, 504.22
739.90, 710.45, 692.78, 681, 669.22, 651.55, 622.10, 592.65, 563.20, 533.75, 504.30
741.21, 711.60, 693.84, 682, 670.16, 652.40, 622.79, 593.19, 563.58, 533.98, 504.37
742.52, 712.76, 694.90, 683, 671.10, 653.24, 623.48, 593.72, 563.97, 534.21, 504.45
743.82, 713.91, 695.96, 684, 672.04, 654.09, 624.18, 594.26, 564.35, 534.44, 504.53
745.13, 715.07, 697.03, 685, 672.97, 654.93, 624.87, 594.80, 564.74, 534.67, 504.61
746.44, 716.22, 698.09, 686, 673.91, 655.78, 625.56, 595.34, 565.12, 534.90, 504.69
747.74, 717.37, 699.15, 687, 674.85, 656.63, 626.26, 595.88, 565.51, 535.14, 504.77
749.05, 718.53, 700.21, 688, 675.79, 657.47, 626.95, 596.42, 565.90, 535.37, 504.85
750.36, 719.68, 701.27, 689, 676.73, 658.32, 627.64, 596.97, 566.29, 535.61, 504.93
751.66, 720.83, 702.33, 690, 677.67, 659.17, 628.34, 597.51, 566.68, 535.85, 505.01
752.97, 721.98, 703.39, 691, 678.61, 660.02, 629.03, 598.05, 567.07, 536.08, 505.10
754.27, 723.14, 704.45, 692, 679.55, 660.86, 629.73, 598.59, 567.46, 536.32, 505.19
755.58, 724.29, 705.52, 693, 680.48, 661.71, 630.42, 599.14, 567.85, 536.56, 505.27
756.88, 725.44, 706.58, 694, 681.42, 662.56, 631.12, 599.68, 568.24, 536.80, 505.36
758.18, 726.59, 707.64, 695, 682.36, 663.41, 631.82, 600.22, 568.63, 537.04, 505.45
759.49, 727.74, 708.70, 696, 683.30, 664.26, 632.51, 600.77, 569.03, 537.28, 505.54
760.79, 728.89, 709.76, 697, 684.24, 665.11, 633.21, 601.32, 569.42, 537.53, 505.63
762.09, 730.05, 710.82, 698, 685.18, 665.95, 633.91, 601.86, 569.82, 537.77, 505.72
763.39, 731.20, 711.88, 699, 686.12, 666.80, 634.61, 602.41, 570.21, 538.01, 505.82
764.70, 732.35, 712.94, 700, 687.06, 667.65, 635.30, 602.96, 570.61, 538.26, 505.91
766.00, 733.50, 714.00, 701, 688.00, 668.50, 636.00, 603.50, 571.01, 538.51, 506.01
767.30, 734.65, 715.06, 702, 688.94, 669.35, 636.70, 604.05, 571.40, 538.75, 506.10
768.60, 735.80, 716.12, 703, 689.88, 670.20, 637.40, 604.60, 571.80, 539.00, 506.20
769.90, 736.95, 717.18, 704, 690.82, 671.05, 638.10, 605.15, 572.20, 539.25, 506.30
771.20, 738.10, 718.24, 705, 691.76, 671.90, 638.80, 605.70, 572.60, 539.50, 506.40
772.50, 739.25, 719.30, 706, 692.70, 672.75, 639.50, 606.25, 573.00, 539.75, 506.50
773.80, 740.40, 720.36, 707, 693.64, 673.60, 640.20, 606.80, 573.40, 540.01, 506.61
775.10, 741.55, 721.42, 708, 694.58, 674.45, 640.90, 607.36, 573.81, 540.26, 506.71
776.39, 742.70, 722.48, 709, 695.52, 675.30, 641.61, 607.91, 574.21, 540.51, 506.82
777.69, 743.85, 723.54, 710, 696.46, 676.15, 642.31, 608.46, 574.62, 540.77, 506.92
778.99, 744.99, 724.60, 711, 697.40, 677.01, 643.01, 609.02, 575.02, 541.03, 507.03
780.29, 746.14, 725.66, 712, 698.34, 677.86, 643.71, 609.57, 575.43, 541.28, 507.14
781.58, 747.29, 726.72, 713, 699.28, 678.71, 644.42, 610.12, 575.83, 541.54, 507.25
782.88, 748.44, 727.78, 714, 700.22, 679.56, 645.12, 610.68, 576.24, 541.80, 507.36
784.18, 749.59, 728.84, 715, 701.16, 680.41, 645.82, 611.24, 576.65, 542.06, 507.47
785.47, 750.74, 729.89, 716, 702.11, 681.26, 646.53, 611.79, 577.06, 542.32, 507.59
786.77, 751.88, 730.95, 717, 703.05, 682.12, 647.23, 612.35, 577.47, 542.59, 507.70
788.06, 753.03, 732.01, 718, 703.99, 682.97, 647.94, 612.91, 577.88, 542.85, 507.82
789.35, 754.18, 733.07, 719, 704.93, 683.82, 648.65, 613.47, 578.29, 543.12, 507.94
790.65, 755.32, 734.13, 720, 705.87, 684.68, 649.35, 614.03, 578.71, 543.38, 508.06
791.94, 756.47, 735.19, 721, 706.81, 685.53, 650.06, 614.59, 579.12, 543.65, 508.18
793.23, 757.62, 736.25, 722, 707.75, 686.38, 650.77, 615.15, 579.53, 543.92, 508.30
794.53, 758.76, 737.31, 723, 708.69, 687.24, 651.47, 615.71, 579.95, 544.19, 508.42
795.82, 759.91, 738.36, 724, 709.64, 688.09, 652.18, 616.27, 580.37, 544.46, 508.55
797.11, 761.05, 739.42, 725, 710.58, 688.95, 652.89, 616.84, 580.78, 544.73, 508.68
798.40, 762.20, 740.48, 726, 711.52, 689.80, 653.60, 617.40, 581.20, 545.00, 508.80
799.69, 763.34, 741.54, 727, 712.46, 690.66, 654.31, 617.97, 581.62, 545.28, 508.93
800.98, 764.49, 742.60, 728, 713.40, 691.51, 655.02, 618.53, 582.04, 545.55, 509.06
802.27, 765.63, 743.65, 729, 714.35, 692.37, 655.73, 619.10, 582.46, 545.83, 509.19
803.56, 766.78, 744.71, 730, 715.29, 693.22, 656.44, 619.66, 582.89, 546.11, 509.33
804.85, 767.92, 745.77, 731, 716.23, 694.08, 657.15, 620.23, 583.31, 546.39, 509.46
806.13, 769.07, 746.83, 732, 717.17, 694.93, 657.87, 620.80, 583.73, 546.67, 509.60
807.42, 770.21, 747.88, 733, 718.12, 695.79, 658.58, 621.37, 584.16, 546.95, 509.74
808.71, 771.35, 748.94, 734, 719.06, 696.65, 659.29, 621.94, 584.58, 547.23, 509.88
809.99, 772.50, 750.00, 735, 720.00, 697.50, 660.01, 622.51, 585.01, 547.51, 510.02
811.28, 773.64, 751.06, 736, 720.94, 698.36, 660.72, 623.08, 585.44, 547.80, 510.16
812.57, 774.78, 752.11, 737, 721.89, 699.22, 661.43, 623.65, 585.87, 548.09, 510.30
813.85, 775.93, 753.17, 738, 722.83, 700.07, 662.15, 624.22, 586.30, 548.37, 510.45
815.13, 777.07, 754.23, 739, 723.77, 700.93, 662.87, 624.80, 586.73, 548.66, 510.60
816.42, 778.21, 755.28, 740, 724.72, 701.79, 663.58, 625.37, 587.16, 548.96, 510.75
817.70, 779.35, 756.34, 741, 725.66, 702.65, 664.30, 625.95, 587.60, 549.25, 510.90
818.98, 780.49, 757.40, 742, 726.60, 703.51, 665.02, 626.52, 588.03, 549.54, 511.05
820.27, 781.63, 758.45, 743, 727.55, 704.37, 665.73, 627.10, 588.47, 549.84, 511.20
821.55, 782.77, 759.51, 744, 728.49, 705.23, 666.45, 627.68, 588.91, 550.13, 511.36
822.83, 783.91, 760.57, 745, 729.43, 706.09, 667.17, 628.26, 589.34, 550.43, 511.52
824.11, 785.05, 761.62, 746, 730.38, 706.95, 667.89, 628.84, 589.78, 550.73, 511.67
825.39, 786.19, 762.68, 747, 731.32, 707.81, 668.61, 629.42, 590.22, 551.03, 511.83
826.67, 787.33, 763.73, 748, 732.27, 708.67, 669.33, 630.00, 590.66, 551.33, 512.00
827.95, 788.47, 764.79, 749, 733.21, 709.53, 670.05, 630.58, 591.11, 551.63, 512.16
829.22, 789.61, 765.84, 750, 734.16, 710.39, 670.78, 631.16, 591.55, 551.94, 512.33
830.50, 790.75, 766.90, 751, 735.10, 711.25, 671.50, 631.75, 592.00, 552.25, 512.49
831.78, 791.89, 767.96, 752, 736.04, 712.11, 672.22, 632.33, 592.44, 552.55, 512.66
833.06, 793.03, 769.01, 753, 736.99, 712.97, 672.94, 632.92, 592.89, 552.86, 512.83
834.33, 794.17, 770.07, 754, 737.93, 713.83, 673.67, 633.50, 593.34, 553.17, 513.01
835.61, 795.30, 771.12, 755, 738.88, 714.70, 674.39, 634.09, 593.79, 553.49, 513.18
836.88, 796.44, 772.18, 756, 739.82, 715.56, 675.12, 634.68, 594.24, 553.80, 513.36
838.15, 797.58, 773.23, 757, 740.77, 716.42, 675.85, 635.27, 594.69, 554.11, 513.54
839.43, 798.71, 774.29, 758, 741.71, 717.29, 676.57, 635.86, 595.15, 554.43, 513.72
840.70, 799.85, 775.34, 759, 742.66, 718.15, 677.30, 636.45, 595.60, 554.75, 513.90
841.97, 800.99, 776.39, 760, 743.61, 719.01, 678.03, 637.04, 596.06, 555.07, 514.08
843.24, 802.12, 777.45, 761, 744.55, 719.88, 678.76, 637.64, 596.51, 555.39, 514.27
844.51, 803.26, 778.50, 762, 745.50, 720.74, 679.49, 638.23, 596.97, 555.72, 514.46
845.78, 804.39, 779.56, 763, 746.44, 721.61, 680.22, 638.82, 597.43, 556.04, 514.65
847.05, 805.53, 780.61, 764, 747.39, 722.47, 680.95, 639.42, 597.89, 556.37, 514.84
848.32, 806.66, 781.66, 765, 748.34, 723.34, 681.68, 640.02, 598.36, 556.70, 515.04
849.59, 807.79, 782.72, 766, 749.28, 724.21, 682.41, 640.62, 598.82, 557.03, 515.23
850.86, 808.93, 783.77, 767, 750.23, 725.07, 683.14, 641.22, 599.29, 557.36, 515.43
852.12, 810.06, 784.82, 768, 751.18, 725.94, 683.88, 641.82, 599.75, 557.69, 515.63
853.39, 811.19, 785.88, 769, 752.12, 726.81, 684.61, 642.42, 600.22, 558.03, 515.83
854.65, 812.33, 786.93, 770, 753.07, 727.67, 685.35, 643.02, 600.69, 558.37, 516.04
855.92, 813.46, 787.98, 771, 754.02, 728.54, 686.08, 643.62, 601.16, 558.70, 516.25
857.18, 814.59, 789.04, 772, 754.96, 729.41, 686.82, 644.23, 601.64, 559.05, 516.45
858.44, 815.72, 790.09, 773, 755.91, 730.28, 687.56, 644.83, 602.11, 559.39, 516.67
859.71, 816.85, 791.14, 774, 756.86, 731.15, 688.29, 645.44, 602.59, 559.73, 516.88
860.97, 817.98, 792.19, 775, 757.81, 732.02, 689.03, 646.05, 603.06, 560.08, 517.10
862.23, 819.11, 793.25, 776, 758.75, 732.89, 689.77, 646.66, 603.54, 560.43, 517.31
863.49, 820.24, 794.30, 777, 759.70, 733.76, 690.51, 647.27, 604.02, 560.78, 517.53
864.75, 821.37, 795.35, 778, 760.65, 734.63, 691.25, 647.88, 604.50, 561.13, 517.76
866.01, 822.50, 796.40, 779, 761.60, 735.50, 691.99, 648.49, 604.99, 561.48, 517.98
867.26, 823.63, 797.45, 780, 762.55, 736.37, 692.74, 649.10, 605.47, 561.84, 518.21
868.52, 824.76, 798.50, 781, 763.50, 737.24, 693.48, 649.72, 605.96, 562.20, 518.44
869.78, 825.89, 799.56, 782, 764.44, 738.11, 694.22, 650.33, 606.45, 562.56, 518.67
871.03, 827.02, 800.61, 783, 765.39, 738.98, 694.97, 650.95, 606.94, 562.92, 518.90
872.29, 828.14, 801.66, 784, 766.34, 739.86, 695.71, 651.57, 607.43, 563.28, 519.14
873.54, 829.27, 802.71, 785, 767.29, 740.73, 696.46, 652.19, 607.92, 563.65, 519.38
874.79, 830.40, 803.76, 786, 768.24, 741.60, 697.21, 652.81, 608.42, 564.02, 519.62
876.04, 831.52, 804.81, 787, 769.19, 742.48, 697.96, 653.43, 608.91, 564.39, 519.87
877.30, 832.65, 805.86, 788, 770.14, 743.35, 698.70, 654.06, 609.41, 564.76, 520.11
878.55, 833.77, 806.91, 789, 771.09, 744.23, 699.45, 654.68, 609.91, 565.14, 520.36
879.79, 834.90, 807.96, 790, 772.04, 745.10, 700.21, 655.31, 610.41, 565.51, 520.62
881.04, 836.02, 809.01, 791, 772.99, 745.98, 700.96, 655.94, 610.91, 565.89, 520.87
882.29, 837.15, 810.06, 792, 773.94, 746.85, 701.71, 656.56, 611.42, 566.27, 521.13
883.54, 838.27, 811.11, 793, 774.89, 747.73, 702.46, 657.19, 611.93, 566.66, 521.39
884.78, 839.39, 812.16, 794, 775.84, 748.61, 703.22, 657.83, 612.43, 567.04, 521.65
886.03, 840.51, 813.21, 795, 776.79, 749.49, 703.97, 658.46, 612.94, 567.43, 521.92
887.27, 841.64, 814.25, 796, 777.75, 750.36, 704.73, 659.09, 613.46, 567.82, 522.18
888.51, 842.76, 815.30, 797, 778.70, 751.24, 705.49, 659.73, 613.97, 568.21, 522.46
889.76, 843.88, 816.35, 798, 779.65, 752.12, 706.24, 660.37, 614.49, 568.61, 522.73
891.00, 845.00, 817.40, 799, 780.60, 753.00, 707.00, 661.00, 615.00, 569.01, 523.01
892.24, 846.12, 818.45, 800, 781.55, 753.88, 707.76, 661.64, 615.52, 569.41, 523.29
893.48, 847.24, 819.50, 801, 782.50, 754.76, 708.52, 662.28, 616.05, 569.81, 523.57
894.71, 848.36, 820.54, 802, 783.46, 755.64, 709.29, 662.93, 616.57, 570.21, 523.86
895.95, 849.48, 821.59, 803, 784.41, 756.52, 710.05, 663.57, 617.10, 570.62, 524.14
897.19, 850.59, 822.64, 804, 785.36, 757.41, 710.81, 664.22, 617.62, 571.03, 524.44
898.42, 851.71, 823.68, 805, 786.32, 758.29, 711.58, 664.87, 618.15, 571.44, 524.73
899.66, 852.83, 824.73, 806, 787.27, 759.17, 712.34, 665.51, 618.69, 571.86, 525.03
900.89, 853.95, 825.78, 807, 788.22, 760.05, 713.11, 666.16, 619.22, 572.27, 525.33
902.12, 855.06, 826.82, 808, 789.18, 760.94, 713.88, 666.82, 619.76, 572.69, 525.63
903.35, 856.18, 827.87, 809, 790.13, 761.82, 714.65, 667.47, 620.29, 573.12, 525.94
904.58, 857.29, 828.92, 810, 791.08, 762.71, 715.42, 668.13, 620.83, 573.54, 526.25
905.81, 858.41, 829.96, 811, 792.04, 763.59, 716.19, 668.78, 621.38, 573.97, 526.57
907.04, 859.52, 831.01, 812, 792.99, 764.48, 716.96, 669.44, 621.92, 574.40, 526.88
908.27, 860.63, 832.05, 813, 793.95, 765.37, 717.73, 670.10, 622.47, 574.84, 527.20
909.49, 861.75, 833.10, 814, 794.90, 766.25, 718.51, 670.76, 623.02, 575.27, 527.53
910.72, 862.86, 834.14, 815, 795.86, 767.14, 719.28, 671.43, 623.57, 575.71, 527.85
911.94, 863.97, 835.19, 816, 796.81, 768.03, 720.06, 672.09, 624.12, 576.15, 528.18
913.16, 865.08, 836.23, 817, 797.77, 768.92, 720.84, 672.76, 624.68, 576.60, 528.52
914.38, 866.19, 837.28, 818, 798.72, 769.81, 721.62, 673.43, 625.24, 577.05, 528.86
915.60, 867.30, 838.32, 819, 799.68, 770.70, 722.40, 674.10, 625.80, 577.50, 529.20
916.82, 868.41, 839.36, 820, 800.64, 771.59, 723.18, 674.77, 626.36, 577.95, 529.54
918.04, 869.52, 840.41, 821, 801.59, 772.48, 723.96, 675.45, 626.93, 578.41, 529.89
919.25, 870.63, 841.45, 822, 802.55, 773.37, 724.75, 676.12, 627.50, 578.87, 530.24
920.47, 871.73, 842.49, 823, 803.51, 774.27, 725.53, 676.80, 628.07, 579.33, 530.60
921.68, 872.84, 843.54, 824, 804.46, 775.16, 726.32, 677.48, 628.64, 579.80, 530.96
922.89, 873.95, 844.58, 825, 805.42, 776.05, 727.11, 678.16, 629.22, 580.27, 531.32
924.10, 875.05, 845.62, 826, 806.38, 776.95, 727.90, 678.85, 629.79, 580.74, 531.69
925.31, 876.16, 846.66, 827, 807.34, 777.84, 728.69, 679.53, 630.38, 581.22, 532.06
926.52, 877.26, 847.70, 828, 808.30, 778.74, 729.48, 680.22, 630.96, 581.70, 532.44
927.73, 878.36, 848.75, 829, 809.25, 779.64, 730.27, 680.91, 631.55, 582.18, 532.82
928.93, 879.47, 849.79, 830, 810.21, 780.53, 731.07, 681.60, 632.14, 582.67, 533.20
930.14, 880.57, 850.83, 831, 811.17, 781.43, 731.86, 682.30, 632.73, 583.16, 533.59
931.34, 881.67, 851.87, 832, 812.13, 782.33, 732.66, 682.99, 633.32, 583.65, 533.98
932.54, 882.77, 852.91, 833, 813.09, 783.23, 733.46, 683.69, 633.92, 584.15, 534.38
933.74, 883.87, 853.95, 834, 814.05, 784.13, 734.26, 684.39, 634.52, 584.65, 534.78
934.94, 884.97, 854.99, 835, 815.01, 785.03, 735.06, 685.09, 635.12, 585.15, 535.19
936.13, 886.07, 856.03, 836, 815.97, 785.93, 735.87, 685.80, 635.73, 585.66, 535.60
937.33, 887.17, 857.07, 837, 816.93, 786.83, 736.67, 686.50, 636.34, 586.17, 536.01
938.52, 888.26, 858.10, 838, 817.90, 787.74, 737.48, 687.21, 636.95, 586.69, 536.43
939.72, 889.36, 859.14, 839, 818.86, 788.64, 738.28, 687.93, 637.57, 587.21, 536.85
940.91, 890.45, 860.18, 840, 819.82, 789.55, 739.09, 688.64, 638.19, 587.73, 537.28
942.10, 891.55, 861.22, 841, 820.78, 790.45, 739.90, 689.36, 638.81, 588.26, 537.71
943.28, 892.64, 862.26, 842, 821.74, 791.36, 740.72, 690.07, 639.43, 588.79, 538.15
944.47, 893.73, 863.29, 843, 822.71, 792.27, 741.53, 690.80, 640.06, 589.33, 538.59
945.65, 894.83, 864.33, 844, 823.67, 793.17, 742.35, 691.52, 640.69, 589.86, 539.04
946.84, 895.92, 865.37, 845, 824.63, 794.08, 743.16, 692.24, 641.33, 590.41, 539.49
948.02, 897.01, 866.40, 846, 825.60, 794.99, 743.98, 692.97, 641.96, 590.95, 539.95
949.20, 898.10, 867.44, 847, 826.56, 795.90, 744.80, 693.70, 642.61, 591.51, 540.41
950.38, 899.19, 868.48, 848, 827.52, 796.81, 745.63, 694.44, 643.25, 592.06, 540.88
951.55, 900.28, 869.51, 849, 828.49, 797.72, 746.45, 695.17, 643.90, 592.62, 541.35
952.72, 901.36, 870.54, 850, 829.46, 798.64, 747.28, 695.91, 644.55, 593.19, 541.83
953.90, 902.45, 871.58, 851, 830.42, 799.55, 748.10, 696.65, 645.21, 593.76, 542.31
955.07, 903.53, 872.61, 852, 831.39, 800.47, 748.93, 697.40, 645.86, 594.33, 542.80
956.24, 904.62, 873.65, 853, 832.35, 801.38, 749.76, 698.15, 646.53, 594.91, 543.29
957.40, 905.70, 874.68, 854, 833.32, 802.30, 750.60, 698.90, 647.19, 595.49, 543.79
958.57, 906.78, 875.71, 855, 834.29, 803.22, 751.43, 699.65, 647.86, 596.08, 544.30
959.73, 907.87, 876.75, 856, 835.25, 804.13, 752.27, 700.40, 648.54, 596.67, 544.81
960.89, 908.95, 877.78, 857, 836.22, 805.05, 753.11, 701.16, 649.22, 597.27, 545.32
962.05, 910.03, 878.81, 858, 837.19, 805.97, 753.95, 701.92, 649.90, 597.87, 545.85
963.21, 911.10, 879.84, 859, 838.16, 806.90, 754.79, 702.69, 650.58, 598.48, 546.38
964.36, 912.18, 880.87, 860, 839.13, 807.82, 755.64, 703.46, 651.27, 599.09, 546.91
965.52, 913.26, 881.90, 861, 840.10, 808.74, 756.48, 704.23, 651.97, 599.71, 547.45
966.67, 914.33, 882.93, 862, 841.07, 809.67, 757.33, 705.00, 652.67, 600.33, 548.00
967.82, 915.41, 883.96, 863, 842.04, 810.59, 758.18, 705.78, 653.37, 600.96, 548.55
968.96, 916.48, 884.99, 864, 843.01, 811.52, 759.04, 706.56, 654.08, 601.60, 549.11
970.11, 917.55, 886.02, 865, 843.98, 812.45, 759.89, 707.34, 654.79, 602.23, 549.68
971.25, 918.62, 887.05, 866, 844.95, 813.38, 760.75, 708.13, 655.50, 602.88, 550.26
972.39, 919.69, 888.08, 867, 845.92, 814.31, 761.61, 708.92, 656.22, 603.53, 550.84
973.53, 920.76, 889.11, 868, 846.89, 815.24, 762.47, 709.71, 656.95, 604.19, 551.42
974.66, 921.83, 890.13, 869, 847.87, 816.17, 763.34, 710.51, 657.68, 604.85, 552.02
975.79, 922.90, 891.16, 870, 848.84, 817.10, 764.21, 711.31, 658.41, 605.52, 552.62
976.92, 923.96, 892.18, 871, 849.82, 818.04, 765.08, 712.11, 659.15, 606.19, 553.23
978.05, 925.03, 893.21, 872, 850.79, 818.97, 765.95, 712.92, 659.90, 606.87, 553.84
979.18, 926.09, 894.24, 873, 851.76, 819.91, 766.82, 713.73, 660.65, 607.56, 554.47
980.30, 927.15, 895.26, 874, 852.74, 820.85, 767.70, 714.55, 661.40, 608.25, 555.10
981.42, 928.21, 896.28, 875, 853.72, 821.79, 768.58, 715.37, 662.16, 608.95, 555.74
982.54, 929.27, 897.31, 876, 854.69, 822.73, 769.46, 716.19, 662.92, 609.65, 556.39
983.65, 930.33, 898.33, 877, 855.67, 823.67, 770.35, 717.02, 663.69, 610.37, 557.04
984.77, 931.38, 899.35, 878, 856.65, 824.62, 771.23, 717.85, 664.47, 611.09, 557.70
985.88, 932.44, 900.38, 879, 857.62, 825.56, 772.12, 718.69, 665.25, 611.81, 558.37
986.98, 933.49, 901.40, 880, 858.60, 826.51, 773.02, 719.53, 666.04, 612.54, 559.05
988.09, 934.54, 902.42, 881, 859.58, 827.46, 773.91, 720.37, 666.83, 613.28, 559.74
989.19, 935.59, 903.44, 882, 860.56, 828.41, 774.81, 721.22, 667.63, 614.03, 560.44
990.29, 936.64, 904.46, 883, 861.54, 829.36, 775.71, 722.07, 668.43, 614.79, 561.14
991.38, 937.69, 905.48, 884, 862.52, 830.31, 776.62, 722.93, 669.24, 615.55, 561.86
992.47, 938.74, 906.49, 885, 863.51, 831.26, 777.53, 723.79, 670.05, 616.32, 562.58
993.56, 939.78, 907.51, 886, 864.49, 832.22, 778.44, 724.66, 670.88, 617.10, 563.31
994.65, 940.82, 908.53, 887, 865.47, 833.18, 779.35, 725.53, 671.70, 617.88, 564.06
995.73, 941.87, 909.55, 888, 866.45, 834.13, 780.27, 726.40, 672.54, 618.67, 564.81
996.81, 942.90, 910.56, 889, 867.44, 835.10, 781.19, 727.29, 673.38, 619.48, 565.57
997.89, 943.94, 911.58, 890, 868.42, 836.06, 782.11, 728.17, 674.23, 620.29, 566.34
998.96, 944.98, 912.59, 891, 869.41, 837.02, 783.04, 729.06, 675.08, 621.10, 567.12
1000.00, 946.01, 913.61, 892, 870.39, 837.99, 783.97, 729.96, 675.94, 621.93, 567.92
1000.00, 947.05, 914.62, 893, 871.38, 838.95, 784.91, 730.86, 676.81, 622.77, 568.72
1000.00, 948.08, 915.63, 894, 872.37, 839.92, 785.84, 731.77, 677.69, 623.61, 569.53
1000.00, 949.11, 916.64, 895, 873.36, 840.89, 786.79, 732.68, 678.57, 624.46, 570.36
1000.00, 950.13, 917.65, 896, 874.35, 841.87, 787.73, 733.60, 679.46, 625.33, 571.19
1000.00, 951.16, 918.66, 897, 875.34, 842.84, 788.68, 734.52, 680.36, 626.20, 572.04
1000.00, 952.18, 919.67, 898, 876.33, 843.82, 789.63, 735.45, 681.27, 627.08, 572.90
1000.00, 953.20, 920.68, 899, 877.32, 844.80, 790.59, 736.39, 682.18, 627.98, 573.77
1000.00, 954.22, 921.69, 900, 878.31, 845.78, 791.55, 737.33, 683.10, 628.88, 574.65
1000.00, 955.24, 922.70, 901, 879.30, 846.76, 792.52, 738.27, 684.03, 629.79, 575.55
1000.00, 956.26, 923.70, 902, 880.30, 847.74, 793.49, 739.23, 684.97, 630.71, 576.46
1000.00, 957.27, 924.71, 903, 881.29, 848.73, 794.46, 740.19, 685.92, 631.65, 577.38
1000.00, 958.28, 925.71, 904, 882.29, 849.72, 795.44, 741.16, 686.87, 632.59, 578.31
1000.00, 959.29, 926.72, 905, 883.28, 850.71, 796.42, 742.13, 687.84, 633.55, 579.26
1000.00, 960.30, 927.72, 906, 884.28, 851.70, 797.41, 743.11, 688.81, 634.52, 580.22
1000.00, 961.30, 928.72, 907, 885.28, 852.70, 798.40, 744.10, 689.80, 635.49, 581.19
1000.00, 962.30, 929.72, 908, 886.28, 853.70, 799.39, 745.09, 690.79, 636.48, 582.18
1000.00, 963.30, 930.72, 909, 887.28, 854.70, 800.40, 746.09, 691.79, 637.49, 583.19
1000.00, 964.30, 931.72, 910, 888.28, 855.70, 801.40, 747.10, 692.80, 638.50, 584.20
1000.00, 965.29, 932.72, 911, 889.28, 856.71, 802.41, 748.12, 693.83, 639.53, 585.24
1000.00, 966.29, 933.71, 912, 890.29, 857.71, 803.43, 749.14, 694.86, 640.57, 586.29
1000.00, 967.27, 934.71, 913, 891.29, 858.73, 804.45, 750.18, 695.90, 641.63, 587.35
1000.00, 968.26, 935.70, 914, 892.30, 859.74, 805.48, 751.22, 696.96, 642.70, 588.44
1000.00, 969.24, 936.70, 915, 893.30, 860.76, 806.51, 752.27, 698.02, 643.78, 589.53
1000.00, 970.22, 937.69, 916, 894.31, 861.78, 807.55, 753.33, 699.10, 644.88, 590.65
1000.00, 971.20, 938.68, 917, 895.32, 862.80, 808.59, 754.39, 700.19, 645.99, 591.78
1000.00, 972.18, 939.67, 918, 896.33, 863.82, 809.64, 755.47, 701.29, 647.11, 592.93
1000.00, 973.15, 940.66, 919, 897.34, 864.85, 810.70, 756.55, 702.40, 648.25, 594.10
1000.00, 974.12, 941.65, 920, 898.35, 865.88, 811.76, 757.65, 703.53, 649.41, 595.29
1000.00, 975.08, 942.63, 921, 899.37, 866.92, 812.83, 758.75, 704.67, 650.58, 596.50
1000.00, 976.05, 943.62, 922, 900.38, 867.95, 813.91, 759.86, 705.82, 651.77, 597.73
1000.00, 977.00, 944.60, 923, 901.40, 869.00, 814.99, 760.99, 706.99, 652.98, 598.98
1000.00, 977.96, 945.58, 924, 902.42, 870.04, 816.08, 762.12, 708.16, 654.21, 600.25
1000.00, 978.91, 946.56, 925, 903.44, 871.09, 817.18, 763.27, 709.36, 655.45, 601.54
1000.00, 979.86, 947.54, 926, 904.46, 872.14, 818.28, 764.43, 710.57, 656.71, 602.85
1000.00, 980.80, 948.52, 927, 905.48, 873.20, 819.40, 765.59, 711.79, 657.99, 604.19
1000.00, 981.74, 949.50, 928, 906.50, 874.26, 820.52, 766.77, 713.03, 659.29, 605.55
1000.00, 982.68, 950.47, 929, 907.53, 875.32, 821.64, 767.96, 714.29, 660.61, 606.93
1000.00, 983.61, 951.44, 930, 908.56, 876.39, 822.78, 769.17, 715.56, 661.95, 608.34
1000.00, 984.54, 952.42, 931, 909.58, 877.46, 823.92, 770.38, 716.85, 663.31, 609.77
1000.00, 985.46, 953.38, 932, 910.62, 878.54, 825.08, 771.61, 718.15, 664.69, 611.23
1000.00, 986.38, 954.35, 933, 911.65, 879.62, 826.24, 772.86, 719.48, 666.10, 612.71
1000.00, 987.30, 955.32, 934, 912.68, 880.70, 827.41, 774.11, 720.82, 667.52, 614.23
1000.00, 988.21, 956.28, 935, 913.72, 881.79, 828.59, 775.38, 722.18, 668.97, 615.77
1000.00, 989.11, 957.24, 936, 914.76, 882.89, 829.78, 776.67, 723.56, 670.45, 617.34
1000.00, 990.01, 958.20, 937, 915.80, 883.99, 830.98, 777.97, 724.96, 671.95, 618.94
1000.00, 990.90, 959.16, 938, 916.84, 885.10, 832.19, 779.29, 726.38, 673.48, 620.58
1000.00, 991.79, 960.12, 939, 917.88, 886.21, 833.41, 780.62, 727.83, 675.04, 622.24
1000.00, 992.68, 961.07, 940, 918.93, 887.32, 834.65, 781.97, 729.29, 676.62, 623.94
1000.00, 993.55, 962.02, 941, 919.98, 888.45, 835.89, 783.34, 730.78, 678.23, 625.68
1000.00, 994.43, 962.97, 942, 921.03, 889.57, 837.15, 784.72, 732.30, 679.87, 627.45
1000.00, 995.29, 963.92, 943, 922.08, 890.71, 838.42, 786.13, 733.83, 681.54, 629.25
1000.00, 996.15, 964.86, 944, 923.14, 891.85, 839.70, 787.55, 735.40, 683.25, 631.10
1000.00, 997.00, 965.80, 945, 924.20, 893.00, 840.99, 788.99, 736.99, 684.98, 632.98
1000.00, 997.85, 966.74, 946, 925.26, 894.15, 842.30, 790.45, 738.60, 686.76, 634.91
1000.00, 998.69, 967.67, 947, 926.33, 895.31, 843.63, 791.94, 740.25, 688.56, 636.88
1000.00, 999.52, 968.61, 948, 927.39, 896.48, 844.96, 793.44, 741.93, 690.41, 638.89
1000.00, 1000.00, 969.54, 949, 928.46, 897.66, 846.32, 794.97, 743.63, 692.29, 640.95
1000.00, 1000.00, 970.46, 950, 929.54, 898.84, 847.68, 796.53, 745.37, 694.21, 643.05
1000.00, 1000.00, 971.39, 951, 930.61, 900.04, 849.07, 798.11, 747.14, 696.18, 645.21
1000.00, 1000.00, 972.31, 952, 931.69, 901.24, 850.47, 799.71, 748.95, 698.18, 647.42
1000.00, 1000.00, 973.22, 953, 932.78, 902.45, 851.89, 801.34, 750.79, 700.24, 649.68
1000.00, 1000.00, 974.13, 954, 933.87, 903.67, 853.33, 803.00, 752.67, 702.34, 652.00
1000.00, 1000.00, 975.04, 955, 934.96, 904.90, 854.79, 804.69, 754.59, 704.48, 654.38
1000.00, 1000.00, 975.95, 956, 936.05, 906.14, 856.27, 806.41, 756.55, 706.68, 656.82
1000.00, 1000.00, 976.85, 957, 937.16, 907.39, 857.78, 808.16, 758.55, 708.94, 659.33
1000.00, 1000.00, 977.74, 958, 938.26, 908.65, 859.30, 809.95, 760.60, 711.25, 661.90
1000.00, 1000.00, 978.63, 959, 939.37, 909.92, 860.85, 811.77, 762.69, 713.62, 664.54
1000.00, 1000.00, 979.52, 960, 940.48, 911.21, 862.42, 813.63, 764.84, 716.05, 667.26
1000.00, 1000.00, 980.40, 961, 941.60, 912.51, 864.02, 815.53, 767.03, 718.54, 670.05
1000.00, 1000.00, 981.27, 962, 942.73, 913.82, 865.64, 817.46, 769.29, 721.11, 672.93
1000.00, 1000.00, 982.14, 963, 943.86, 915.15, 867.30, 819.45, 771.59, 723.74, 675.89
1000.00, 1000.00, 983.00, 964, 945.00, 916.49, 868.98, 821.47, 773.96, 726.46, 678.95
1000.00, 1000.00, 983.86, 965, 946.14, 917.85, 870.70, 823.55, 776.40, 729.25, 682.10
1000.00, 1000.00, 984.71, 966, 947.29, 919.23, 872.45, 825.68, 778.90, 732.13, 685.35
1000.00, 1000.00, 985.55, 967, 948.45, 920.62, 874.24, 827.86, 781.47, 735.09, 688.71
1000.00, 1000.00, 986.39, 968, 949.61, 922.03, 876.06, 830.09, 784.12, 738.16, 692.19
1000.00, 1000.00, 987.21, 969, 950.79, 923.46, 877.93, 832.39, 786.86, 741.32, 695.78
1000.00, 1000.00, 988.03, 970, 951.97, 924.92, 879.84, 834.76, 789.67, 744.59, 699.51
1000.00, 1000.00, 988.84, 971, 953.16, 926.40, 881.79, 837.19, 792.59, 747.98, 703.38
1000.00, 1000.00, 989.64, 972, 954.36, 927.90, 883.80, 839.70, 795.60, 751.49, 707.39
1000.00, 1000.00, 990.43, 973, 955.57, 929.43, 885.86, 842.28, 798.71, 755.14, 711.57
1000.00, 1000.00, 991.21, 974, 956.79, 930.99, 887.97, 844.96, 801.94, 758.93, 715.91
1000.00, 1000.00, 991.97, 975, 958.03, 932.57, 890.15, 847.72, 805.30, 762.87, 720.45
1000.00, 1000.00, 992.72, 976, 959.28, 934.20, 892.39, 850.59, 808.78, 766.98, 725.18
1000.00, 1000.00, 993.46, 977, 960.54, 935.85, 894.71, 853.56, 812.42, 771.27, 730.12
1000.00, 1000.00, 994.18, 978, 961.82, 937.55, 897.10, 856.65, 816.21, 775.76, 735.31
1000.00, 1000.00, 994.88, 979, 963.12, 939.29, 899.58, 859.88, 820.17, 780.46, 740.75
1000.00, 1000.00, 995.57, 980, 964.43, 941.08, 902.16, 863.24, 824.32, 785.40, 746.48
1000.00, 1000.00, 996.23, 981, 965.77, 942.92, 904.84, 866.76, 828.68, 790.60, 752.52
1000.00, 1000.00, 996.87, 982, 967.13, 944.82, 907.63, 870.45, 833.27, 796.09, 758.90
1000.00, 1000.00, 997.49, 983, 968.51, 946.78, 910.56, 874.34, 838.12, 801.90, 765.67
1000.00, 1000.00, 998.07, 984, 969.93, 948.81, 913.63, 878.44, 843.25, 808.07, 772.88
1000.00, 1000.00, 998.63, 985, 971.37, 950.93, 916.86, 882.79, 848.72, 814.65, 780.57
1000.00, 1000.00, 999.15, 986, 972.85, 953.14, 920.27, 887.41, 854.55, 821.69, 788.82
1000.00, 1000.00, 999.62, 987, 974.38, 955.45, 923.91, 892.36, 860.81, 829.26, 797.71
1000.00, 1000.00, 1000.00, 988, 975.96, 957.89, 927.78, 897.67, 867.56, 837.46, 807.35
1000.00, 1000.00, 1000.00, 989, 977.59, 960.48, 931.95, 903.43, 874.90, 846.38, 817.85
1000.00, 1000.00, 1000.00, 990, 979.29, 963.23, 936.46, 909.70, 882.93, 856.16, 829.39
1000.00, 1000.00, 1000.00, 991, 981.08, 966.20, 941.40, 916.59, 891.79, 866.99, 842.19
1000.00, 1000.00, 1000.00, 992, 982.97, 969.42, 946.84, 924.27, 901.69, 879.11, 856.54
1000.00, 1000.00, 1000.00, 993, 984.99, 972.98, 952.95, 932.93, 912.90, 892.88, 872.85
1000.00, 1000.00, 1000.00, 994, 987.18, 976.96, 959.92, 942.87, 925.83, 908.79, 891.75
1000.00, 1000.00, 1000.00, 995, 989.61, 981.53, 968.05, 954.58, 941.11, 927.64, 914.16
1000.00, 1000.00, 999.62, 996, 992.38, 986.95, 977.89, 968.84, 959.79, 950.73, 941.68
1000.00, 1000.00, 998.32, 997, 995.68, 993.71, 990.42, 987.13, 983.84, 980.56, 977.27
988.14, 993.07, 996.03, 998, 999.97, 1000.00, 1000.00, 1000.00, 1000.00, 1000.00, 1000.00
960.72, 979.86, 991.34, 999, 1000.00, 1000.00, 1000.00, 1000.00, 1000.00, 1000.00, 1000.00
866.25, 933.12, 973.25, 1000, 1000.00, 1000.00, 1000.00, 1000.00, 1000.00, 1000.00, 1000.00